"uid (S)","meeting (M)"
"1506601284893_5ImaLZiwNg","{  ""domainName"" : { ""S"" : ""Unknown"" },  ""eAccessCode"" : { ""N"" : ""0"" },  ""eCallRecordComplete"" : { ""N"" : ""0"" },  ""eCallStatus"" : { ""N"" : ""0"" },  ""eComplete"" : { ""N"" : ""0"" },  ""eDay"" : { ""S"" : ""28"" },  ""eDialinNumber"" : { ""S"" : ""918454858349"" },  ""eHour"" : { ""S"" : ""5"" },  ""eMeetingId"" : { ""N"" : ""0"" },  ""eMinute"" : { ""S"" : ""51"" },  ""eMonth"" : { ""S"" : ""09"" },  ""ePeriod"" : { ""S"" : ""PM"" },  ""eTimezone"" : { ""S"" : ""Mumbai"" },  ""eTopic"" : { ""S"" : ""My Meeting Subject "" },  ""eYear"" : { ""S"" : ""2017"" },  ""gmtTime"" : { ""M"" : {      ""eDay"" : { ""S"" : ""28"" },      ""eHour"" : { ""S"" : ""12"" },      ""eMinute"" : { ""S"" : ""21"" },      ""eMonth"" : { ""N"" : ""9"" },      ""eYear"" : { ""S"" : ""2017"" }    }  },  ""refId"" : { ""S"" : ""1506601284893_5ImaLZiwNg"" }}"
"1505911595277_wojm9DGLNV","{  ""domainName"" : { ""S"" : ""Unknown"" },  ""eAccessCode"" : { ""N"" : ""0"" },  ""eCallStatus"" : { ""N"" : ""0"" },  ""eComplete"" : { ""N"" : ""0"" },  ""eDay"" : { ""S"" : ""20"" },  ""eDialinNumber"" : { ""S"" : ""918286779798"" },  ""eHour"" : { ""S"" : ""6"" },  ""eMeetingId"" : { ""N"" : ""0"" },  ""eMinute"" : { ""S"" : ""10"" },  ""eMonth"" : { ""S"" : ""09"" },  ""ePeriod"" : { ""S"" : ""PM"" },  ""eTimezone"" : { ""S"" : ""Mumbai"" },  ""eYear"" : { ""S"" : ""2017"" },  ""gmtTime"" : { ""M"" : {      ""eDay"" : { ""S"" : ""20"" },      ""eHour"" : { ""S"" : ""12"" },      ""eMinute"" : { ""S"" : ""40"" },      ""eMonth"" : { ""N"" : ""9"" },      ""eYear"" : { ""S"" : ""2017"" }    }  },  ""refId"" : { ""S"" : ""1505911595277_wojm9DGLNV"" }}"
"1506496833228_86R0v9DnuB","{  ""domainName"" : { ""S"" : ""Unknown"" },  ""eAccessCode"" : { ""N"" : ""0"" },  ""eCallRecordComplete"" : { ""N"" : ""0"" },  ""eCallStatus"" : { ""N"" : ""0"" },  ""eComplete"" : { ""N"" : ""0"" },  ""eDay"" : { ""S"" : ""27"" },  ""eDialinNumber"" : { ""S"" : ""918286779798"" },  ""eHour"" : { ""S"" : ""12"" },  ""eMeetingId"" : { ""N"" : ""0"" },  ""eMinute"" : { ""S"" : ""33"" },  ""eMonth"" : { ""S"" : ""09"" },  ""ePeriod"" : { ""S"" : ""PM"" },  ""eTimezone"" : { ""S"" : ""Mumbai"" },  ""eTopic"" : { ""S"" : ""Hi "" },  ""eYear"" : { ""S"" : ""2017"" },  ""gmtTime"" : { ""M"" : {      ""eDay"" : { ""S"" : ""27"" },      ""eHour"" : { ""S"" : ""07"" },      ""eMinute"" : { ""S"" : ""03"" },      ""eMonth"" : { ""N"" : ""9"" },      ""eYear"" : { ""S"" : ""2017"" }    }  },  ""refId"" : { ""S"" : ""1506496833228_86R0v9DnuB"" }}"
"1506606896012_UO91uQB1UJ","{  ""domainName"" : { ""S"" : ""Unknown"" },  ""eAccessCode"" : { ""N"" : ""0"" },  ""eCallRecordComplete"" : { ""N"" : ""0"" },  ""eCallStatus"" : { ""N"" : ""0"" },  ""eComplete"" : { ""N"" : ""0"" },  ""eDay"" : { ""S"" : ""28"" },  ""eDialinNumber"" : { ""S"" : ""919769157469"" },  ""eHour"" : { ""S"" : ""7"" },  ""eMeetingId"" : { ""N"" : ""0"" },  ""eMinute"" : { ""S"" : ""17"" },  ""eMonth"" : { ""S"" : ""09"" },  ""ePeriod"" : { ""S"" : ""pm"" },  ""eTimezone"" : { ""S"" : ""mumbai"" },  ""eTopic"" : { ""S"" : ""going to watch next *season* you have been invited to a meeting. the meeting will commence at 7:17pm in mumbai time on 28/09/2017. Please dial +919769157469 to join the meeting.  --001a114117eeb64854055a40404b Content-Type: text/html; charset=\""UTF-8\"" Content-Transfer-Encoding: quoted-printable  <div dir=3D\""ltr\""><div style=3D\""font-family:Roboto,&quot;Helvetica Neue&quot= ;,Helvetica,Arial,sans-serif;font-size:12.8px\"">Topic: going to watch next= =C2=A0<b>season</b></div><div style=3D\""font-family:Roboto,&quot;Helvetica N= eue&quot;,Helvetica,Arial,sans-serif;font-size:12.8px\"">you have been invite= d to a meeting.</div><div style=3D\""font-family:Roboto,&quot;Helvetica Neue&= quot;,Helvetica,Arial,sans-serif;font-size:12.8px\"">the meeting will commenc= e at 7:17pm in mumbai time on 28/09/2017. Please dial +919769157469 to join=  the meeting.</div></div>  --001a114117eeb64854055a40404b-- "" },  ""eYear"" : { ""S"" : ""2017"" },  ""gmtTime"" : { ""M"" : {      ""eDay"" : { ""S"" : ""28"" },      ""eHour"" : { ""S"" : ""13"" },      ""eMinute"" : { ""S"" : ""47"" },      ""eMonth"" : { ""N"" : ""9"" },      ""eYear"" : { ""S"" : ""2017"" }    }  },  ""refId"" : { ""S"" : ""1506606896012_UO91uQB1UJ"" }}"
"1506682086867_k2k0gonnW9","{  ""domainName"" : { ""S"" : ""Unknown"" },  ""eAccessCode"" : { ""N"" : ""0"" },  ""eCallRecordComplete"" : { ""N"" : ""0"" },  ""eCallStatus"" : { ""N"" : ""0"" },  ""eComplete"" : { ""N"" : ""0"" },  ""eDay"" : { ""S"" : ""29"" },  ""eDialinNumber"" : { ""S"" : ""+919819008864"" },  ""eHour"" : { ""S"" : ""4"" },  ""eMeetingId"" : { ""N"" : ""0"" },  ""eMinute"" : { ""S"" : ""25"" },  ""eMonth"" : { ""N"" : ""9"" },  ""ePeriod"" : { ""S"" : ""pm"" },  ""eTimezone"" : { ""S"" : ""Mumbai"" },  ""eTopic"" : { ""S"" : ""New Meeting<br>"" },  ""eYear"" : { ""S"" : ""2017"" },  ""gmtTime"" : { ""M"" : {      ""eDay"" : { ""S"" : ""29"" },      ""eHour"" : { ""S"" : ""10"" },      ""eMinute"" : { ""S"" : ""55"" },      ""eMonth"" : { ""N"" : ""9"" },      ""eYear"" : { ""S"" : ""2017"" }    }  },  ""refId"" : { ""S"" : ""1506682086867_k2k0gonnW9"" }}"
"1506677531204_AcILYK07eM","{  ""domainName"" : { ""S"" : ""Unknown"" },  ""eAccessCode"" : { ""N"" : ""0"" },  ""eCallRecordComplete"" : { ""N"" : ""0"" },  ""eCallStatus"" : { ""N"" : ""0"" },  ""eComplete"" : { ""N"" : ""0"" },  ""eDay"" : { ""S"" : ""29"" },  ""eDialinNumber"" : { ""S"" : ""918286779798"" },  ""eHour"" : { ""S"" : ""3"" },  ""eMeetingId"" : { ""N"" : ""0"" },  ""eMinute"" : { ""S"" : ""04"" },  ""eMonth"" : { ""S"" : ""09"" },  ""ePeriod"" : { ""S"" : ""pm"" },  ""eTimezone"" : { ""S"" : ""mumbai"" },  ""eTopic"" : { ""S"" : ""This should work"" },  ""eYear"" : { ""S"" : ""2017"" },  ""gmtTime"" : { ""M"" : {      ""eDay"" : { ""S"" : ""29"" },      ""eHour"" : { ""S"" : ""09"" },      ""eMinute"" : { ""S"" : ""34"" },      ""eMonth"" : { ""N"" : ""9"" },      ""eYear"" : { ""S"" : ""2017"" }    }  },  ""refId"" : { ""S"" : ""1506677531204_AcILYK07eM"" }}"
"1506771390015_Lvb2dHY0kI","{  ""domainName"" : { ""S"" : ""Unknown"" },  ""eAccessCode"" : { ""N"" : ""0"" },  ""eCallRecordComplete"" : { ""N"" : ""0"" },  ""eCallStatus"" : { ""N"" : ""0"" },  ""eComplete"" : { ""N"" : ""0"" },  ""eDay"" : { ""S"" : ""30"" },  ""eDialinNumber"" : { ""S"" : ""919769157469"" },  ""eHour"" : { ""S"" : ""5"" },  ""eMeetingId"" : { ""N"" : ""0"" },  ""eMinute"" : { ""S"" : ""08"" },  ""eMonth"" : { ""S"" : ""09"" },  ""ePeriod"" : { ""S"" : ""pm"" },  ""eTimezone"" : { ""S"" : ""mumbai"" },  ""eTopic"" : { ""S"" : ""This should work"" },  ""eYear"" : { ""S"" : ""2017"" },  ""gmtTime"" : { ""M"" : {      ""eDay"" : { ""S"" : ""30"" },      ""eHour"" : { ""S"" : ""11"" },      ""eMinute"" : { ""S"" : ""38"" },      ""eMonth"" : { ""N"" : ""9"" },      ""eYear"" : { ""S"" : ""2017"" }    }  },  ""refId"" : { ""S"" : ""1506771390015_Lvb2dHY0kI"" }}"
"1505482442867_X2FqN24RXH","{  ""domainName"" : { ""S"" : ""Unknown"" },  ""eAccessCode"" : { ""S"" : ""453453"" },  ""eCallRecordComplete"" : { ""N"" : ""1"" },  ""eCallStatus"" : { ""N"" : ""1"" },  ""eComplete"" : { ""N"" : ""0"" },  ""eDay"" : { ""S"" : ""15"" },  ""eDialinNumber"" : { ""S"" : ""918286779798"" },  ""eHour"" : { ""S"" : ""7"" },  ""eMeetingId"" : { ""S"" : ""4534543"" },  ""eMinute"" : { ""S"" : ""05"" },  ""eMonth"" : { ""S"" : ""09"" },  ""ePeriod"" : { ""S"" : ""PM"" },  ""eTimezone"" : { ""S"" : ""Mumbai"" },  ""eYear"" : { ""S"" : ""2017"" },  ""gmtTime"" : { ""M"" : {      ""eDay"" : { ""S"" : ""15"" },      ""eHour"" : { ""S"" : ""13"" },      ""eMinute"" : { ""S"" : ""35"" },      ""eMonth"" : { ""N"" : ""9"" },      ""eYear"" : { ""S"" : ""2017"" }    }  },  ""refId"" : { ""S"" : ""1505482442867_X2FqN24RXH"" }}"
"1507137521411_RTGf9scLNW","{  ""domainName"" : { ""S"" : ""Unknown"" },  ""eAccessCode"" : { ""N"" : ""0"" },  ""eCallRecordComplete"" : { ""N"" : ""0"" },  ""eCallStatus"" : { ""N"" : ""0"" },  ""eComplete"" : { ""N"" : ""0"" },  ""eDay"" : { ""S"" : ""04"" },  ""eDialinNumber"" : { ""S"" : ""919769157469"" },  ""eHour"" : { ""S"" : ""4"" },  ""eMeetingId"" : { ""N"" : ""0"" },  ""eMinute"" : { ""S"" : ""05"" },  ""eMonth"" : { ""S"" : ""10"" },  ""ePeriod"" : { ""S"" : ""pm"" },  ""eTimezone"" : { ""S"" : ""mumbai"" },  ""eTopic"" : { ""S"" : ""This should work"" },  ""eYear"" : { ""S"" : ""2017"" },  ""gmtTime"" : { ""M"" : {      ""eDay"" : { ""S"" : ""04"" },      ""eHour"" : { ""S"" : ""10"" },      ""eMinute"" : { ""S"" : ""35"" },      ""eMonth"" : { ""N"" : ""10"" },      ""eYear"" : { ""S"" : ""2017"" }    }  },  ""initiator"" : { ""S"" : ""naikswapnil08@gmail.com"" },  ""options"" : { ""M"" : {      ""language"" : { ""S"" : ""343; $variable=32;  --94eb2c191318338ae4055ab622ae Content-Type: text/html; charset=\""UTF-8\"" Content-Transfer-Encoding: quoted-printable  <div dir=3D\""ltr\""><span class=3D\""gmail-m_-1352380876866553150gmail-m_6918733= 49446425212gmail-m_-6146847500215118053gmail-m_4323128357606156353gmail-m_-= 4177084643805705238gmail-m_5276195998787168068gmail-m_6222250724491060997gm= ail-m_-5600826990744230206gmail-m_8569675567345543818gmail-m_-4016076031593= 232580gmail-m_-131084959193738778gmail-m_393249931149600651gmail-m_83496331= 77509908868gmail-im\"" style=3D\""font-size:12.8px\""><span style=3D\""font-family:= sans-serif;font-size:13.696px\"">Topic: This should work</span><br style=3D\""f= ont-family:sans-serif;font-size:13.696px\""><span style=3D\""font-family:sans-s= erif;font-size:13.696px\"">you have been invited to a meeting.</span><br styl= e=3D\""font-family:sans-serif;font-size:13.696px\""></span><span style=3D\""font-= family:sans-serif"" }    }  },  ""refId"" : { ""S"" : ""1507137521411_RTGf9scLNW"" }}"
"1506776905153_USggXtGjK2","{  ""domainName"" : { ""S"" : ""Unknown"" },  ""eAccessCode"" : { ""N"" : ""0"" },  ""eCallRecordComplete"" : { ""N"" : ""1"" },  ""eCallStatus"" : { ""N"" : ""1"" },  ""eComplete"" : { ""N"" : ""1"" },  ""eDay"" : { ""S"" : ""30"" },  ""eDialinNumber"" : { ""S"" : ""919769157469"" },  ""eHour"" : { ""S"" : ""6"" },  ""eMeetingId"" : { ""N"" : ""0"" },  ""eMinute"" : { ""S"" : ""40"" },  ""eMonth"" : { ""S"" : ""09"" },  ""ePeriod"" : { ""S"" : ""pm"" },  ""eTimezone"" : { ""S"" : ""mumbai"" },  ""eTopic"" : { ""S"" : ""This should work"" },  ""eYear"" : { ""S"" : ""2017"" },  ""gmtTime"" : { ""M"" : {      ""eDay"" : { ""S"" : ""30"" },      ""eHour"" : { ""S"" : ""13"" },      ""eMinute"" : { ""S"" : ""10"" },      ""eMonth"" : { ""N"" : ""9"" },      ""eYear"" : { ""S"" : ""2017"" }    }  },  ""refId"" : { ""S"" : ""1506776905153_USggXtGjK2"" }}"
"1506615757213_njH3wVFqIl","{  ""domainName"" : { ""S"" : ""Unknown"" },  ""eAccessCode"" : { ""N"" : ""0"" },  ""eCallRecordComplete"" : { ""N"" : ""0"" },  ""eCallStatus"" : { ""N"" : ""0"" },  ""eComplete"" : { ""N"" : ""0"" },  ""eDay"" : { ""S"" : ""28"" },  ""eDialinNumber"" : { ""S"" : ""919769157469"" },  ""eHour"" : { ""S"" : ""9"" },  ""eMeetingId"" : { ""S"" : ""3"" },  ""eMinute"" : { ""S"" : ""53"" },  ""eMonth"" : { ""S"" : ""09"" },  ""ePeriod"" : { ""S"" : ""pm"" },  ""eTimezone"" : { ""S"" : ""mumbai"" },  ""eTopic"" : { ""S"" : ""going to watch next season you have been invited to a meeting"" },  ""eYear"" : { ""S"" : ""2017"" },  ""gmtTime"" : { ""M"" : {      ""eDay"" : { ""S"" : ""28"" },      ""eHour"" : { ""S"" : ""16"" },      ""eMinute"" : { ""S"" : ""23"" },      ""eMonth"" : { ""N"" : ""9"" },      ""eYear"" : { ""S"" : ""2017"" }    }  },  ""refId"" : { ""S"" : ""1506615757213_njH3wVFqIl"" }}"
"1506774195974_EOVzSOwLBb","{  ""domainName"" : { ""S"" : ""Unknown"" },  ""eAccessCode"" : { ""N"" : ""0"" },  ""eCallRecordComplete"" : { ""N"" : ""0"" },  ""eCallStatus"" : { ""N"" : ""0"" },  ""eComplete"" : { ""N"" : ""0"" },  ""eDay"" : { ""S"" : ""30"" },  ""eDialinNumber"" : { ""S"" : ""919769157469"" },  ""eHour"" : { ""S"" : ""5"" },  ""eMeetingId"" : { ""N"" : ""0"" },  ""eMinute"" : { ""S"" : ""55"" },  ""eMonth"" : { ""S"" : ""09"" },  ""ePeriod"" : { ""S"" : ""pm"" },  ""eTimezone"" : { ""S"" : ""mumbai"" },  ""eTopic"" : { ""S"" : ""This should work"" },  ""eYear"" : { ""S"" : ""2017"" },  ""gmtTime"" : { ""M"" : {      ""eDay"" : { ""S"" : ""30"" },      ""eHour"" : { ""S"" : ""12"" },      ""eMinute"" : { ""S"" : ""25"" },      ""eMonth"" : { ""N"" : ""9"" },      ""eYear"" : { ""S"" : ""2017"" }    }  },  ""refId"" : { ""S"" : ""1506774195974_EOVzSOwLBb"" }}"
"1506246426457_1Rmfh5Kc6s","{  ""domainName"" : { ""S"" : ""Unknown"" },  ""eAccessCode"" : { ""N"" : ""0"" },  ""eDay"" : { ""S"" : ""22"" },  ""eDialinNumber"" : { ""S"" : ""91 4534545434 "" },  ""eHour"" : { ""S"" : ""4"" },  ""eMeetingId"" : { ""N"" : ""0"" },  ""eMinute"" : { ""S"" : ""03"" },  ""eMonth"" : { ""S"" : ""09"" },  ""ePeriod"" : { ""S"" : ""PM"" },  ""eTimezone"" : { ""S"" : ""Mumbai"" },  ""eYear"" : { ""S"" : ""2017"" },  ""gmtTime"" : { ""M"" : {      ""eDay"" : { ""S"" : ""22"" },      ""eHour"" : { ""S"" : ""10"" },      ""eMinute"" : { ""S"" : ""33"" },      ""eMonth"" : { ""N"" : ""9"" },      ""eYear"" : { ""S"" : ""2017"" }    }  },  ""refId"" : { ""S"" : ""1506246426457_1Rmfh5Kc6s"" }}"
"1506245590094_KzPiZDimMj","{  ""domainName"" : { ""S"" : ""zoom.us"" },  ""eDay"" : { ""S"" : ""24"" },  ""eDialinNumber"" : { ""S"" : ""1 646 876 9923"" },  ""eHour"" : { ""S"" : ""1"" },  ""eMeetingId"" : { ""S"" : ""824 387 518"" },  ""eMinute"" : { ""S"" : ""00"" },  ""eMonth"" : { ""N"" : ""9"" },  ""ePeriod"" : { ""S"" : ""PM"" },  ""eTimezone"" : { ""S"" : ""India"" },  ""eTopic"" : { ""S"" : ""My Meeting"" },  ""eYear"" : { ""S"" : ""2017"" },  ""gmtTime"" : { ""M"" : {      ""eDay"" : { ""S"" : ""24"" },      ""eHour"" : { ""S"" : ""07"" },      ""eMinute"" : { ""S"" : ""30"" },      ""eMonth"" : { ""N"" : ""9"" },      ""eYear"" : { ""S"" : ""2017"" }    }  },  ""refId"" : { ""S"" : ""1506245590094_KzPiZDimMj"" }}"
"1505113034508_IwQ57k8YI0","{  ""domainName"" : { ""S"" : ""Unknown"" },  ""eAccessCode"" : { ""S"" : ""354245"" },  ""eDay"" : { ""S"" : ""11"" },  ""eDialinNumber"" : { ""S"" : ""918286779798"" },  ""eHour"" : { ""S"" : ""12"" },  ""eMeetingId"" : { ""S"" : ""345 464 433"" },  ""eMinute"" : { ""S"" : ""30"" },  ""eMonth"" : { ""N"" : ""9"" },  ""ePeriod"" : { ""S"" : ""PM"" },  ""eTimezone"" : { ""S"" : ""Mumbai"" },  ""eYear"" : { ""S"" : ""2017"" },  ""gmtTime"" : { ""M"" : {      ""eDay"" : { ""S"" : ""11"" },      ""eHour"" : { ""S"" : ""07"" },      ""eMinute"" : { ""S"" : ""00"" },      ""eMonth"" : { ""N"" : ""9"" },      ""eYear"" : { ""S"" : ""2017"" }    }  },  ""refId"" : { ""S"" : ""1505113034508_IwQ57k8YI0"" }}"
"1506776023022_rKGuqhQZ88","{  ""domainName"" : { ""S"" : ""Unknown"" },  ""eAccessCode"" : { ""N"" : ""0"" },  ""eCallRecordComplete"" : { ""N"" : ""0"" },  ""eCallStatus"" : { ""N"" : ""0"" },  ""eComplete"" : { ""N"" : ""0"" },  ""eDay"" : { ""S"" : ""30"" },  ""eDialinNumber"" : { ""S"" : ""919769157469"" },  ""eHour"" : { ""S"" : ""6"" },  ""eMeetingId"" : { ""N"" : ""0"" },  ""eMinute"" : { ""S"" : ""25"" },  ""eMonth"" : { ""S"" : ""09"" },  ""ePeriod"" : { ""S"" : ""pm"" },  ""eTimezone"" : { ""S"" : ""mumbai"" },  ""eTopic"" : { ""S"" : ""This should work"" },  ""eYear"" : { ""S"" : ""2017"" },  ""gmtTime"" : { ""M"" : {      ""eDay"" : { ""S"" : ""30"" },      ""eHour"" : { ""S"" : ""12"" },      ""eMinute"" : { ""S"" : ""55"" },      ""eMonth"" : { ""N"" : ""9"" },      ""eYear"" : { ""S"" : ""2017"" }    }  },  ""refId"" : { ""S"" : ""1506776023022_rKGuqhQZ88"" }}"
"1506769099236_VtLOLHcPN9","{  ""domainName"" : { ""S"" : ""Unknown"" },  ""eAccessCode"" : { ""N"" : ""0"" },  ""eCallRecordComplete"" : { ""N"" : ""0"" },  ""eCallStatus"" : { ""N"" : ""0"" },  ""eComplete"" : { ""N"" : ""0"" },  ""eDay"" : { ""S"" : ""30"" },  ""eDialinNumber"" : { ""S"" : ""979769157469"" },  ""eHour"" : { ""S"" : ""4"" },  ""eMeetingId"" : { ""N"" : ""0"" },  ""eMinute"" : { ""S"" : ""30"" },  ""eMonth"" : { ""S"" : ""09"" },  ""ePeriod"" : { ""S"" : ""pm"" },  ""eTimezone"" : { ""S"" : ""mumbai"" },  ""eTopic"" : { ""S"" : ""This should work"" },  ""eYear"" : { ""S"" : ""2017"" },  ""gmtTime"" : { ""M"" : {      ""eDay"" : { ""S"" : ""30"" },      ""eHour"" : { ""S"" : ""11"" },      ""eMinute"" : { ""S"" : ""00"" },      ""eMonth"" : { ""N"" : ""9"" },      ""eYear"" : { ""S"" : ""2017"" }    }  },  ""refId"" : { ""S"" : ""1506769099236_VtLOLHcPN9"" }}"
"1505907356571_D8QLhwyZU4","{  ""domainName"" : { ""S"" : ""zoom.us"" },  ""eDay"" : { ""S"" : ""9"" },  ""eDialinNumber"" : { ""S"" : ""918286779798"" },  ""eHour"" : { ""S"" : ""11"" },  ""eMeetingId"" : { ""S"" : ""996 337 744"" },  ""eMinute"" : { ""S"" : ""59"" },  ""eMonth"" : { ""N"" : ""9"" },  ""ePeriod"" : { ""S"" : ""AM"" },  ""eTimezone"" : { ""S"" : ""India"" },  ""eYear"" : { ""S"" : ""2017"" },  ""gmtTime"" : { ""M"" : {      ""eDay"" : { ""S"" : ""09"" },      ""eHour"" : { ""S"" : ""06"" },      ""eMinute"" : { ""S"" : ""29"" },      ""eMonth"" : { ""N"" : ""9"" },      ""eYear"" : { ""S"" : ""2017"" }    }  },  ""refId"" : { ""S"" : ""1505907356571_D8QLhwyZU4"" }}"
"1506603033153_gpT7WSgMj6","{  ""domainName"" : { ""S"" : ""Unknown"" },  ""eAccessCode"" : { ""N"" : ""0"" },  ""eCallRecordComplete"" : { ""N"" : ""0"" },  ""eCallStatus"" : { ""N"" : ""0"" },  ""eComplete"" : { ""N"" : ""0"" },  ""eDay"" : { ""S"" : ""28"" },  ""eDialinNumber"" : { ""S"" : ""918454858349"" },  ""eHour"" : { ""S"" : ""6"" },  ""eMeetingId"" : { ""N"" : ""0"" },  ""eMinute"" : { ""S"" : ""06"" },  ""eMonth"" : { ""S"" : ""09"" },  ""ePeriod"" : { ""S"" : ""PM"" },  ""eTimezone"" : { ""S"" : ""Mumbai"" },  ""eTopic"" : { ""S"" : ""My Meeting Subject  --94eb2c07f036771033055a3f5a11 Content-Type: text/html; charset=\""UTF-8\"" Content-Transfer-Encoding: quoted-printable  <div dir=3D\""ltr\""><span style=3D\""font-size:12.8px\"">Hello,</span><br style=3D= \""font-size:12.8px\""><br style=3D\""font-size:12.8px\""><span style=3D\""font-size:= 12.8px\"">You&#39;ve been invited to a meeting. The meeting will commence at = 6:06 PM</span><br style=3D\""font-size:12.8px\""><span style=3D\""font-size:12.8p= x\"">Mumbai time on 28/09/2017. Please dial +918454858349 to join the</span><= br style=3D\""font-size:12.8px\""><span style=3D\""font-size:12.8px\"">meeting..</s= pan><br style=3D\""font-size:12.8px\""><span style=3D\""font-size:12.8px\"">Topic: = My Meeting Subject</span><br></div>  --94eb2c07f036771033055a3f5a11-- "" },  ""eYear"" : { ""S"" : ""2017"" },  ""gmtTime"" : { ""M"" : {      ""eDay"" : { ""S"" : ""28"" },      ""eHour"" : { ""S"" : ""12"" },      ""eMinute"" : { ""S"" : ""36"" },      ""eMonth"" : { ""N"" : ""9"" },      ""eYear"" : { ""S"" : ""2017"" }    }  },  ""refId"" : { ""S"" : ""1506603033153_gpT7WSgMj6"" }}"
"1505111144059_iAP2SN1X5R","{  ""domainName"" : { ""S"" : ""Unknown"" },  ""eAccessCode"" : { ""S"" : ""354245"" },  ""eDay"" : { ""S"" : ""25"" },  ""eDialinNumber"" : { ""S"" : ""918286779798"" },  ""eHour"" : { ""S"" : ""8"" },  ""eMeetingId"" : { ""S"" : ""345 464 433"" },  ""eMinute"" : { ""N"" : ""0"" },  ""eMonth"" : { ""N"" : ""1"" },  ""ePeriod"" : { ""S"" : ""AM"" },  ""eTimezone"" : { ""S"" : ""Iceland"" },  ""eYear"" : { ""S"" : ""2017"" },  ""gmtTime"" : { ""M"" : {      ""eDay"" : { ""S"" : ""25"" },      ""eHour"" : { ""S"" : ""08"" },      ""eMinute"" : { ""S"" : ""00"" },      ""eMonth"" : { ""N"" : ""1"" },      ""eYear"" : { ""S"" : ""2017"" }    }  },  ""refId"" : { ""S"" : ""1505111144059_iAP2SN1X5R"" }}"
"1506498844092_CQnQl05vv3","{  ""domainName"" : { ""S"" : ""Unknown"" },  ""eAccessCode"" : { ""N"" : ""0"" },  ""eCallRecordComplete"" : { ""N"" : ""0"" },  ""eCallStatus"" : { ""N"" : ""0"" },  ""eComplete"" : { ""N"" : ""0"" },  ""eDay"" : { ""S"" : ""27"" },  ""eDialinNumber"" : { ""S"" : ""918286779798"" },  ""eHour"" : { ""S"" : ""1"" },  ""eMeetingId"" : { ""N"" : ""0"" },  ""eMinute"" : { ""S"" : ""25"" },  ""eMonth"" : { ""S"" : ""09"" },  ""ePeriod"" : { ""S"" : ""PM"" },  ""eTimezone"" : { ""S"" : ""Mumbai"" },  ""eTopic"" : { ""S"" : ""Hi "" },  ""eYear"" : { ""S"" : ""2017"" },  ""gmtTime"" : { ""M"" : {      ""eDay"" : { ""S"" : ""27"" },      ""eHour"" : { ""S"" : ""07"" },      ""eMinute"" : { ""S"" : ""55"" },      ""eMonth"" : { ""N"" : ""9"" },      ""eYear"" : { ""S"" : ""2017"" }    }  },  ""refId"" : { ""S"" : ""1506498844092_CQnQl05vv3"" }}"
"1506600025675_g4YBod7AN1","{  ""domainName"" : { ""S"" : ""Unknown"" },  ""eAccessCode"" : { ""N"" : ""0"" },  ""eCallRecordComplete"" : { ""N"" : ""0"" },  ""eCallStatus"" : { ""N"" : ""0"" },  ""eComplete"" : { ""N"" : ""0"" },  ""eDay"" : { ""S"" : ""28"" },  ""eDialinNumber"" : { ""S"" : ""918454858349"" },  ""eHour"" : { ""S"" : ""5"" },  ""eMeetingId"" : { ""N"" : ""0"" },  ""eMinute"" : { ""S"" : ""30"" },  ""eMonth"" : { ""S"" : ""09"" },  ""ePeriod"" : { ""S"" : ""PM"" },  ""eTimezone"" : { ""S"" : ""Mumbai"" },  ""eTopic"" : { ""S"" : ""My Meeting Subject "" },  ""eYear"" : { ""S"" : ""2017"" },  ""gmtTime"" : { ""M"" : {      ""eDay"" : { ""S"" : ""28"" },      ""eHour"" : { ""S"" : ""12"" },      ""eMinute"" : { ""S"" : ""00"" },      ""eMonth"" : { ""N"" : ""9"" },      ""eYear"" : { ""S"" : ""2017"" }    }  },  ""refId"" : { ""S"" : ""1506600025675_g4YBod7AN1"" }}"
"1506682840485_3JNLtHVFjx","{  ""domainName"" : { ""S"" : ""Unknown"" },  ""eAccessCode"" : { ""N"" : ""0"" },  ""eCallRecordComplete"" : { ""N"" : ""0"" },  ""eCallStatus"" : { ""N"" : ""0"" },  ""eComplete"" : { ""N"" : ""0"" },  ""eDay"" : { ""S"" : ""29"" },  ""eDialinNumber"" : { ""S"" : ""919819008864"" },  ""eHour"" : { ""S"" : ""4"" },  ""eMeetingId"" : { ""N"" : ""0"" },  ""eMinute"" : { ""S"" : ""25"" },  ""eMonth"" : { ""N"" : ""9"" },  ""ePeriod"" : { ""S"" : ""pm"" },  ""eTimezone"" : { ""S"" : ""Mumbai"" },  ""eTopic"" : { ""S"" : ""New Meeting"" },  ""eYear"" : { ""S"" : ""2017"" },  ""gmtTime"" : { ""M"" : {      ""eDay"" : { ""S"" : ""29"" },      ""eHour"" : { ""S"" : ""10"" },      ""eMinute"" : { ""S"" : ""55"" },      ""eMonth"" : { ""N"" : ""9"" },      ""eYear"" : { ""S"" : ""2017"" }    }  },  ""refId"" : { ""S"" : ""1506682840485_3JNLtHVFjx"" }}"
"1506246606891_iYtNIBRDCI","{  ""domainName"" : { ""S"" : ""Unknown"" },  ""eAccessCode"" : { ""N"" : ""0"" },  ""eDay"" : { ""S"" : ""22"" },  ""eDialinNumber"" : { ""S"" : ""91 4534545434 "" },  ""eHour"" : { ""S"" : ""4"" },  ""eMeetingId"" : { ""N"" : ""0"" },  ""eMinute"" : { ""S"" : ""03"" },  ""eMonth"" : { ""S"" : ""09"" },  ""ePeriod"" : { ""S"" : ""PM"" },  ""eTimezone"" : { ""S"" : ""Mumbai"" },  ""eYear"" : { ""S"" : ""2017"" },  ""gmtTime"" : { ""M"" : {      ""eDay"" : { ""S"" : ""22"" },      ""eHour"" : { ""S"" : ""10"" },      ""eMinute"" : { ""S"" : ""33"" },      ""eMonth"" : { ""N"" : ""9"" },      ""eYear"" : { ""S"" : ""2017"" }    }  },  ""refId"" : { ""S"" : ""1506246606891_iYtNIBRDCI"" }}"
"1506618210414_cqmzAEf6hv","{  ""domainName"" : { ""S"" : ""Unknown"" },  ""eAccessCode"" : { ""S"" : ""593 766 13 "" },  ""eCallRecordComplete"" : { ""N"" : ""0"" },  ""eCallStatus"" : { ""N"" : ""0"" },  ""eComplete"" : { ""N"" : ""0"" },  ""eDay"" : { ""S"" : ""1"" },  ""eDialinNumber"" : { ""S"" : ""19492592970"" },  ""eHour"" : { ""S"" : ""10"" },  ""eMeetingId"" : { ""S"" : ""7"" },  ""eMinute"" : { ""S"" : ""57"" },  ""eMonth"" : { ""N"" : ""9"" },  ""ePeriod"" : { ""S"" : ""am"" },  ""eTimezone"" : { ""S"" : ""India"" },  ""eTopic"" : { ""S"" : ""Test meeting Date"" },  ""eYear"" : { ""S"" : ""2017"" },  ""gmtTime"" : { ""M"" : {      ""eDay"" : { ""S"" : ""01"" },      ""eHour"" : { ""S"" : ""05"" },      ""eMinute"" : { ""S"" : ""27"" },      ""eMonth"" : { ""N"" : ""9"" },      ""eYear"" : { ""S"" : ""2017"" }    }  },  ""refId"" : { ""S"" : ""1506618210414_cqmzAEf6hv"" }}"
"1506606876715_MstA8yYn39","{  ""domainName"" : { ""S"" : ""Unknown"" },  ""eAccessCode"" : { ""N"" : ""0"" },  ""eCallRecordComplete"" : { ""N"" : ""0"" },  ""eCallStatus"" : { ""N"" : ""0"" },  ""eComplete"" : { ""N"" : ""0"" },  ""eDay"" : { ""S"" : ""28"" },  ""eDialinNumber"" : { ""S"" : ""919769157469"" },  ""eHour"" : { ""S"" : ""7"" },  ""eMeetingId"" : { ""N"" : ""0"" },  ""eMinute"" : { ""S"" : ""08"" },  ""eMonth"" : { ""S"" : ""09"" },  ""ePeriod"" : { ""S"" : ""pm"" },  ""eTimezone"" : { ""S"" : ""mumbai"" },  ""eTopic"" : { ""S"" : ""first episode was good  --001a11431b50fde14f055a3fff0c Content-Type: text/html; charset=\""UTF-8\"" Content-Transfer-Encoding: quoted-printable  <div dir=3D\""ltr\""><span style=3D\""font-size:12.8px\"">you have been invited to = a meeting.</span><div style=3D\""font-size:12.8px\"">the meeting will commence = at 7:08 pm in mumbai time on 28/09/2017. Please dial +919769157469 to join = the meeting.</div><div style=3D\""font-size:12.8px\"">Topic : first episode was=  good</div></div>  --001a11431b50fde14f055a3fff0c-- "" },  ""eYear"" : { ""S"" : ""2017"" },  ""gmtTime"" : { ""M"" : {      ""eDay"" : { ""S"" : ""28"" },      ""eHour"" : { ""S"" : ""13"" },      ""eMinute"" : { ""S"" : ""38"" },      ""eMonth"" : { ""N"" : ""9"" },      ""eYear"" : { ""S"" : ""2017"" }    }  },  ""refId"" : { ""S"" : ""1506606876715_MstA8yYn39"" }}"
"1505113164730_77VkubjLd4","{  ""domainName"" : { ""S"" : ""Unknown"" },  ""eAccessCode"" : { ""S"" : ""354245"" },  ""eDay"" : { ""S"" : ""11"" },  ""eDialinNumber"" : { ""S"" : ""918286779798"" },  ""eHour"" : { ""S"" : ""12"" },  ""eMeetingId"" : { ""S"" : ""345 464 433"" },  ""eMinute"" : { ""S"" : ""30"" },  ""eMonth"" : { ""N"" : ""9"" },  ""ePeriod"" : { ""S"" : ""PM"" },  ""eTimezone"" : { ""S"" : ""Mumbai"" },  ""eYear"" : { ""S"" : ""2017"" },  ""gmtTime"" : { ""M"" : {      ""eDay"" : { ""S"" : ""11"" },      ""eHour"" : { ""S"" : ""07"" },      ""eMinute"" : { ""S"" : ""00"" },      ""eMonth"" : { ""N"" : ""9"" },      ""eYear"" : { ""S"" : ""2017"" }    }  },  ""refId"" : { ""S"" : ""1505113164730_77VkubjLd4"" }}"
"1505909370487_n5n48qyapn","{  ""domainName"" : { ""S"" : ""Unknown"" },  ""eAccessCode"" : { ""N"" : ""0"" },  ""eDay"" : { ""S"" : ""20"" },  ""eDialinNumber"" : { ""S"" : ""918286779798"" },  ""eHour"" : { ""S"" : ""5"" },  ""eMeetingId"" : { ""N"" : ""0"" },  ""eMinute"" : { ""S"" : ""41"" },  ""eMonth"" : { ""S"" : ""09"" },  ""ePeriod"" : { ""S"" : ""PM"" },  ""eTimezone"" : { ""S"" : ""Mumbai"" },  ""eYear"" : { ""S"" : ""2017"" },  ""gmtTime"" : { ""M"" : {      ""eDay"" : { ""S"" : ""20"" },      ""eHour"" : { ""S"" : ""12"" },      ""eMinute"" : { ""S"" : ""11"" },      ""eMonth"" : { ""N"" : ""9"" },      ""eYear"" : { ""S"" : ""2017"" }    }  },  ""refId"" : { ""S"" : ""1505909370487_n5n48qyapn"" }}"
"1505190631351_6ajbVMWKex","{  ""domainName"" : { ""S"" : ""Unknown"" },  ""eAccessCode"" : { ""S"" : ""4534543 "" },  ""eDay"" : { ""S"" : ""12"" },  ""eDialinNumber"" : { ""S"" : ""918286779798"" },  ""eHour"" : { ""S"" : ""5"" },  ""eMeetingId"" : { ""N"" : ""0"" },  ""eMinute"" : { ""S"" : ""30"" },  ""eMonth"" : { ""N"" : ""9"" },  ""ePeriod"" : { ""S"" : ""PM"" },  ""eTimezone"" : { ""S"" : ""Iceland"" },  ""eYear"" : { ""S"" : ""2017"" },  ""gmtTime"" : { ""M"" : {      ""eDay"" : { ""S"" : ""12"" },      ""eHour"" : { ""S"" : ""17"" },      ""eMinute"" : { ""S"" : ""30"" },      ""eMonth"" : { ""N"" : ""9"" },      ""eYear"" : { ""S"" : ""2017"" }    }  },  ""refId"" : { ""S"" : ""1505190631351_6ajbVMWKex"" }}"
"1505911347920_pgUQOS7ina","{  ""domainName"" : { ""S"" : ""Unknown"" },  ""eAccessCode"" : { ""N"" : ""0"" },  ""eDay"" : { ""S"" : ""20"" },  ""eDialinNumber"" : { ""S"" : ""918286779798"" },  ""eHour"" : { ""S"" : ""6"" },  ""eMeetingId"" : { ""N"" : ""0"" },  ""eMinute"" : { ""S"" : ""13"" },  ""eMonth"" : { ""S"" : ""09"" },  ""ePeriod"" : { ""S"" : ""PM"" },  ""eTimezone"" : { ""S"" : ""Mumbai"" },  ""eYear"" : { ""S"" : ""2017"" },  ""gmtTime"" : { ""M"" : {      ""eDay"" : { ""S"" : ""20"" },      ""eHour"" : { ""S"" : ""12"" },      ""eMinute"" : { ""S"" : ""43"" },      ""eMonth"" : { ""N"" : ""9"" },      ""eYear"" : { ""S"" : ""2017"" }    }  },  ""refId"" : { ""S"" : ""1505911347920_pgUQOS7ina"" }}"
"1506768543036_VOhxNMD2sF","{  ""domainName"" : { ""S"" : ""Unknown"" },  ""eAccessCode"" : { ""N"" : ""0"" },  ""eCallRecordComplete"" : { ""N"" : ""0"" },  ""eCallStatus"" : { ""N"" : ""0"" },  ""eComplete"" : { ""N"" : ""0"" },  ""eDay"" : { ""S"" : ""30"" },  ""eDialinNumber"" : { ""S"" : ""918286779798"" },  ""eHour"" : { ""S"" : ""4"" },  ""eMeetingId"" : { ""N"" : ""0"" },  ""eMinute"" : { ""S"" : ""20"" },  ""eMonth"" : { ""S"" : ""09"" },  ""ePeriod"" : { ""S"" : ""pm"" },  ""eTimezone"" : { ""S"" : ""mumbai"" },  ""eTopic"" : { ""S"" : ""This should work"" },  ""eYear"" : { ""S"" : ""2017"" },  ""gmtTime"" : { ""M"" : {      ""eDay"" : { ""S"" : ""30"" },      ""eHour"" : { ""S"" : ""10"" },      ""eMinute"" : { ""S"" : ""50"" },      ""eMonth"" : { ""N"" : ""9"" },      ""eYear"" : { ""S"" : ""2017"" }    }  },  ""refId"" : { ""S"" : ""1506768543036_VOhxNMD2sF"" }}"
"1505113574949_1Caz9DPBXC","{  ""domainName"" : { ""S"" : ""Unknown"" },  ""eAccessCode"" : { ""S"" : ""354245"" },  ""eDay"" : { ""S"" : ""25"" },  ""eDialinNumber"" : { ""S"" : ""918286779798"" },  ""eHour"" : { ""S"" : ""2"" },  ""eMeetingId"" : { ""S"" : ""345 464 433"" },  ""eMinute"" : { ""S"" : ""00"" },  ""eMonth"" : { ""N"" : ""1"" },  ""ePeriod"" : { ""S"" : ""AM"" },  ""eTimezone"" : { ""S"" : ""Mumbai"" },  ""eYear"" : { ""S"" : ""2017"" },  ""gmtTime"" : { ""M"" : {      ""eDay"" : { ""S"" : ""24"" },      ""eHour"" : { ""S"" : ""20"" },      ""eMinute"" : { ""S"" : ""30"" },      ""eMonth"" : { ""N"" : ""1"" },      ""eYear"" : { ""S"" : ""2017"" }    }  },  ""refId"" : { ""S"" : ""1505113574949_1Caz9DPBXC"" }}"
"1506602758412_4MTMx6I5R5","{  ""domainName"" : { ""S"" : ""Unknown"" },  ""eAccessCode"" : { ""N"" : ""0"" },  ""eCallRecordComplete"" : { ""N"" : ""0"" },  ""eCallStatus"" : { ""N"" : ""0"" },  ""eComplete"" : { ""N"" : ""0"" },  ""eDay"" : { ""S"" : ""28"" },  ""eDialinNumber"" : { ""S"" : ""919769157469"" },  ""eHour"" : { ""S"" : ""6"" },  ""eMeetingId"" : { ""N"" : ""0"" },  ""eMinute"" : { ""S"" : ""17"" },  ""eMonth"" : { ""S"" : ""09"" },  ""ePeriod"" : { ""S"" : ""PM"" },  ""eTimezone"" : { ""S"" : ""Mumbai"" },  ""eTopic"" : { ""S"" : ""Initiating quick action  --001a1143a4681495c0055a3f4a8d Content-Type: text/html; charset=\""UTF-8\"" Content-Transfer-Encoding: quoted-printable  <div dir=3D\""ltr\""><span style=3D\""font-family:sans-serif;font-size:13.696px\"">= You&#39;ve been invited to a meeting. The meeting will commence at 6:17</sp= an><span class=3D\""gmail-aBn\"" tabindex=3D\""0\"" style=3D\""font-family:sans-serif= ;font-size:13.696px\""><span class=3D\""gmail-aQJ\"">=C2=A0PM</span></span><span = style=3D\""font-family:sans-serif;font-size:13.696px\"">=C2=A0Mumbai time on 28= /09/2017. Please dial +919769157469 to join the meeting..</span><br style= =3D\""font-family:sans-serif;font-size:13.696px\""><span style=3D\""font-family:s= ans-serif;font-size:13.696px\"">Topic: Initiating quick action</span><br></di= v>  --001a1143a4681495c0055a3f4a8d-- "" },  ""eYear"" : { ""S"" : ""2017"" },  ""gmtTime"" : { ""M"" : {      ""eDay"" : { ""S"" : ""28"" },      ""eHour"" : { ""S"" : ""12"" },      ""eMinute"" : { ""S"" : ""47"" },      ""eMonth"" : { ""N"" : ""9"" },      ""eYear"" : { ""S"" : ""2017"" }    }  },  ""refId"" : { ""S"" : ""1506602758412_4MTMx6I5R5"" }}"
"1507112270836_OgZ1hC7Ifr","{  ""domainName"" : { ""S"" : ""Unknown"" },  ""eAccessCode"" : { ""N"" : ""0"" },  ""eCallRecordComplete"" : { ""N"" : ""0"" },  ""eCallStatus"" : { ""N"" : ""0"" },  ""eComplete"" : { ""N"" : ""0"" },  ""eDay"" : { ""S"" : ""04"" },  ""eDialinNumber"" : { ""S"" : ""919769157469"" },  ""eHour"" : { ""S"" : ""3"" },  ""eMeetingId"" : { ""N"" : ""0"" },  ""eMinute"" : { ""S"" : ""49"" },  ""eMonth"" : { ""S"" : ""10"" },  ""ePeriod"" : { ""S"" : ""pm"" },  ""eTimezone"" : { ""S"" : ""mumbai"" },  ""eTopic"" : { ""S"" : ""This should work"" },  ""eYear"" : { ""S"" : ""2017"" },  ""gmtTime"" : { ""M"" : {      ""eDay"" : { ""S"" : ""04"" },      ""eHour"" : { ""S"" : ""10"" },      ""eMinute"" : { ""S"" : ""19"" },      ""eMonth"" : { ""N"" : ""10"" },      ""eYear"" : { ""S"" : ""2017"" }    }  },  ""refId"" : { ""S"" : ""1507112270836_OgZ1hC7Ifr"" }}"
"1505482675854_Lxz9ddmG2e","{  ""domainName"" : { ""S"" : ""Unknown"" },  ""eAccessCode"" : { ""S"" : ""453453"" },  ""eDay"" : { ""S"" : ""15"" },  ""eDialinNumber"" : { ""S"" : ""918286779798"" },  ""eHour"" : { ""S"" : ""7"" },  ""eMeetingId"" : { ""S"" : ""4534543"" },  ""eMinute"" : { ""S"" : ""10"" },  ""eMonth"" : { ""S"" : ""09"" },  ""ePeriod"" : { ""S"" : ""PM"" },  ""eTimezone"" : { ""S"" : ""Mumbai"" },  ""eYear"" : { ""S"" : ""2017"" },  ""gmtTime"" : { ""M"" : {      ""eDay"" : { ""S"" : ""15"" },      ""eHour"" : { ""S"" : ""13"" },      ""eMinute"" : { ""S"" : ""40"" },      ""eMonth"" : { ""N"" : ""9"" },      ""eYear"" : { ""S"" : ""2017"" }    }  },  ""refId"" : { ""S"" : ""1505482675854_Lxz9ddmG2e"" }}"
"1507133523452_VaMECJdCsn","{  ""domainName"" : { ""S"" : ""Unknown"" },  ""eAccessCode"" : { ""N"" : ""0"" },  ""eCallRecordComplete"" : { ""N"" : ""0"" },  ""eCallStatus"" : { ""N"" : ""0"" },  ""eComplete"" : { ""N"" : ""0"" },  ""eDay"" : { ""S"" : ""04"" },  ""eDialinNumber"" : { ""S"" : ""919769157469"" },  ""eHour"" : { ""S"" : ""4"" },  ""eMeetingId"" : { ""N"" : ""0"" },  ""eMinute"" : { ""S"" : ""05"" },  ""eMonth"" : { ""S"" : ""10"" },  ""ePeriod"" : { ""S"" : ""pm"" },  ""eTimezone"" : { ""S"" : ""mumbai"" },  ""eTopic"" : { ""S"" : ""This should work"" },  ""eYear"" : { ""S"" : ""2017"" },  ""gmtTime"" : { ""M"" : {      ""eDay"" : { ""S"" : ""04"" },      ""eHour"" : { ""S"" : ""10"" },      ""eMinute"" : { ""S"" : ""35"" },      ""eMonth"" : { ""N"" : ""10"" },      ""eYear"" : { ""S"" : ""2017"" }    }  },  ""initiator"" : { ""S"" : ""naikswapnil08@gmail.com"" },  ""options"" : { ""M"" : {      ""language"" : { ""S"" : ""343"" },      ""variable"" : { ""S"" : ""32"" }    }  },  ""refId"" : { ""S"" : ""1507133523452_VaMECJdCsn"" }}"
"1505119073815_pYoDLTXsco","{  ""domainName"" : { ""S"" : ""Unknown"" },  ""eAccessCode"" : { ""S"" : ""354245"" },  ""eDay"" : { ""S"" : ""11"" },  ""eDialinNumber"" : { ""S"" : ""918286779798"" },  ""eHour"" : { ""S"" : ""2"" },  ""eMeetingId"" : { ""S"" : ""345 464 433"" },  ""eMinute"" : { ""S"" : ""10"" },  ""eMonth"" : { ""N"" : ""9"" },  ""ePeriod"" : { ""S"" : ""PM"" },  ""eTimezone"" : { ""S"" : ""Mumbai"" },  ""eYear"" : { ""S"" : ""2017"" },  ""gmtTime"" : { ""M"" : {      ""eDay"" : { ""S"" : ""11"" },      ""eHour"" : { ""S"" : ""08"" },      ""eMinute"" : { ""S"" : ""40"" },      ""eMonth"" : { ""N"" : ""9"" },      ""eYear"" : { ""S"" : ""2017"" }    }  },  ""refId"" : { ""S"" : ""1505119073815_pYoDLTXsco"" }}"
"1506246556731_frhHzKX22C","{  ""domainName"" : { ""S"" : ""Unknown"" },  ""eAccessCode"" : { ""N"" : ""0"" },  ""eDay"" : { ""S"" : ""22"" },  ""eDialinNumber"" : { ""S"" : ""91 4534545434 "" },  ""eHour"" : { ""S"" : ""4"" },  ""eMeetingId"" : { ""N"" : ""0"" },  ""eMinute"" : { ""S"" : ""03"" },  ""eMonth"" : { ""S"" : ""09"" },  ""ePeriod"" : { ""S"" : ""PM"" },  ""eTimezone"" : { ""S"" : ""Mumbai"" },  ""eYear"" : { ""S"" : ""2017"" },  ""gmtTime"" : { ""M"" : {      ""eDay"" : { ""S"" : ""22"" },      ""eHour"" : { ""S"" : ""10"" },      ""eMinute"" : { ""S"" : ""33"" },      ""eMonth"" : { ""N"" : ""9"" },      ""eYear"" : { ""S"" : ""2017"" }    }  },  ""refId"" : { ""S"" : ""1506246556731_frhHzKX22C"" }}"
"1506678065404_vTy0fiz67S","{  ""domainName"" : { ""S"" : ""Unknown"" },  ""eAccessCode"" : { ""S"" : ""593 766 13 "" },  ""eCallRecordComplete"" : { ""N"" : ""1"" },  ""eCallStatus"" : { ""N"" : ""1"" },  ""eComplete"" : { ""N"" : ""1"" },  ""eDay"" : { ""S"" : ""29"" },  ""eDialinNumber"" : { ""S"" : ""+9135353424534"" },  ""eHour"" : { ""S"" : ""03"" },  ""eMeetingId"" : { ""S"" : ""7"" },  ""eMinute"" : { ""S"" : ""12"" },  ""eMonth"" : { ""N"" : ""9"" },  ""ePeriod"" : { ""S"" : ""pm"" },  ""eTimezone"" : { ""S"" : ""India"" },  ""eTopic"" : { ""S"" : ""Test meeting"" },  ""eYear"" : { ""S"" : ""2017"" },  ""gmtTime"" : { ""M"" : {      ""eDay"" : { ""S"" : ""29"" },      ""eHour"" : { ""S"" : ""09"" },      ""eMinute"" : { ""S"" : ""42"" },      ""eMonth"" : { ""N"" : ""9"" },      ""eYear"" : { ""S"" : ""2017"" }    }  },  ""refId"" : { ""S"" : ""1506678065404_vTy0fiz67S"" }}"
"1506076081525_5GQpf5qAuQ","{  ""domainName"" : { ""S"" : ""Unknown"" },  ""eAccessCode"" : { ""N"" : ""0"" },  ""eCallRecordComplete"" : { ""N"" : ""1"" },  ""eCallStatus"" : { ""N"" : ""1"" },  ""eComplete"" : { ""N"" : ""1"" },  ""eDay"" : { ""S"" : ""22"" },  ""eDialinNumber"" : { ""S"" : ""918286779798"" },  ""eHour"" : { ""S"" : ""3"" },  ""eMeetingId"" : { ""N"" : ""0"" },  ""eMinute"" : { ""S"" : ""58"" },  ""eMonth"" : { ""S"" : ""09"" },  ""ePeriod"" : { ""S"" : ""PM"" },  ""eTimezone"" : { ""S"" : ""Mumbai"" },  ""eYear"" : { ""S"" : ""2017"" },  ""gmtTime"" : { ""M"" : {      ""eDay"" : { ""S"" : ""22"" },      ""eHour"" : { ""S"" : ""10"" },      ""eMinute"" : { ""S"" : ""28"" },      ""eMonth"" : { ""N"" : ""9"" },      ""eYear"" : { ""S"" : ""2017"" }    }  },  ""refId"" : { ""S"" : ""1506076081525_5GQpf5qAuQ"" }}"
"1506602003114_zWsnuWpyPo","{  ""domainName"" : { ""S"" : ""Unknown"" },  ""eAccessCode"" : { ""N"" : ""0"" },  ""eCallRecordComplete"" : { ""N"" : ""0"" },  ""eCallStatus"" : { ""N"" : ""0"" },  ""eComplete"" : { ""N"" : ""0"" },  ""eDay"" : { ""S"" : ""28"" },  ""eDialinNumber"" : { ""S"" : ""918454858349"" },  ""eHour"" : { ""S"" : ""5"" },  ""eMeetingId"" : { ""N"" : ""0"" },  ""eMinute"" : { ""S"" : ""04"" },  ""eMonth"" : { ""S"" : ""09"" },  ""ePeriod"" : { ""S"" : ""PM"" },  ""eTimezone"" : { ""S"" : ""Mumbai"" },  ""eTopic"" : { ""S"" : ""My Meeting Subject "" },  ""eYear"" : { ""S"" : ""2017"" },  ""gmtTime"" : { ""M"" : {      ""eDay"" : { ""S"" : ""28"" },      ""eHour"" : { ""S"" : ""11"" },      ""eMinute"" : { ""S"" : ""34"" },      ""eMonth"" : { ""N"" : ""9"" },      ""eYear"" : { ""S"" : ""2017"" }    }  },  ""refId"" : { ""S"" : ""1506602003114_zWsnuWpyPo"" }}"
"1505112994388_QNro0rzif1","{  ""domainName"" : { ""S"" : ""Unknown"" },  ""eAccessCode"" : { ""S"" : ""354245"" },  ""eDay"" : { ""S"" : ""11"" },  ""eDialinNumber"" : { ""S"" : ""918286779798"" },  ""eHour"" : { ""S"" : ""12"" },  ""eMeetingId"" : { ""S"" : ""345 464 433"" },  ""eMinute"" : { ""S"" : ""30"" },  ""eMonth"" : { ""N"" : ""9"" },  ""ePeriod"" : { ""S"" : ""PM"" },  ""eTimezone"" : { ""S"" : ""Mumbai"" },  ""eYear"" : { ""S"" : ""2017"" },  ""gmtTime"" : { ""M"" : {      ""eDay"" : { ""S"" : ""11"" },      ""eHour"" : { ""S"" : ""07"" },      ""eMinute"" : { ""S"" : ""00"" },      ""eMonth"" : { ""N"" : ""9"" },      ""eYear"" : { ""S"" : ""2017"" }    }  },  ""refId"" : { ""S"" : ""1505112994388_QNro0rzif1"" }}"
"1507107248845_tdIfLOGPr6","{  ""domainName"" : { ""S"" : ""Unknown"" },  ""eAccessCode"" : { ""N"" : ""0"" },  ""eCallRecordComplete"" : { ""N"" : ""0"" },  ""eCallStatus"" : { ""N"" : ""0"" },  ""eComplete"" : { ""N"" : ""0"" },  ""eDay"" : { ""S"" : ""04"" },  ""eDialinNumber"" : { ""S"" : ""919769157469"" },  ""eHour"" : { ""S"" : ""2"" },  ""eMeetingId"" : { ""N"" : ""0"" },  ""eMinute"" : { ""S"" : ""25"" },  ""eMonth"" : { ""S"" : ""10"" },  ""ePeriod"" : { ""S"" : ""pm"" },  ""eTimezone"" : { ""S"" : ""mumbai"" },  ""eTopic"" : { ""S"" : ""This should work"" },  ""eYear"" : { ""S"" : ""2017"" },  ""gmtTime"" : { ""M"" : {      ""eDay"" : { ""S"" : ""04"" },      ""eHour"" : { ""S"" : ""08"" },      ""eMinute"" : { ""S"" : ""55"" },      ""eMonth"" : { ""N"" : ""10"" },      ""eYear"" : { ""S"" : ""2017"" }    }  },  ""refId"" : { ""S"" : ""1507107248845_tdIfLOGPr6"" }}"
"1506606329975_ubYKVw19sO","{  ""domainName"" : { ""S"" : ""Unknown"" },  ""eAccessCode"" : { ""N"" : ""0"" },  ""eCallRecordComplete"" : { ""N"" : ""0"" },  ""eCallStatus"" : { ""N"" : ""0"" },  ""eComplete"" : { ""N"" : ""0"" },  ""eDay"" : { ""S"" : ""28"" },  ""eDialinNumber"" : { ""S"" : ""919769157469"" },  ""eHour"" : { ""S"" : ""7"" },  ""eMeetingId"" : { ""N"" : ""0"" },  ""eMinute"" : { ""S"" : ""17"" },  ""eMonth"" : { ""S"" : ""09"" },  ""ePeriod"" : { ""S"" : ""pm"" },  ""eTimezone"" : { ""S"" : ""mumbai"" },  ""eTopic"" : { ""S"" : ""going to watch next season you have been invited to a meeting. the meeting will commence at 7:17pm in mumbai time on 28/09/2017. Please dial +919769157469 to join the meeting.  --f403043e3274f79d02055a401e96 Content-Type: text/html; charset=\""UTF-8\""  <div dir=\""ltr\""><div>Topic: going to watch next season<br></div>you have been invited to a meeting.<br>the meeting will commence at 7:17pm in mumbai time on 28/09/2017. Please dial +919769157469 to join the meeting.<br><br></div>  --f403043e3274f79d02055a401e96-- "" },  ""eYear"" : { ""S"" : ""2017"" },  ""gmtTime"" : { ""M"" : {      ""eDay"" : { ""S"" : ""28"" },      ""eHour"" : { ""S"" : ""13"" },      ""eMinute"" : { ""S"" : ""47"" },      ""eMonth"" : { ""N"" : ""9"" },      ""eYear"" : { ""S"" : ""2017"" }    }  },  ""refId"" : { ""S"" : ""1506606329975_ubYKVw19sO"" }}"
"1506621811831_yJSFMErqMX","{  ""domainName"" : { ""S"" : ""Unknown"" },  ""eAccessCode"" : { ""S"" : ""593 766 13 "" },  ""eCallRecordComplete"" : { ""N"" : ""0"" },  ""eCallStatus"" : { ""N"" : ""0"" },  ""eComplete"" : { ""N"" : ""0"" },  ""eDay"" : { ""S"" : ""28"" },  ""eDialinNumber"" : { ""S"" : ""918454858349"" },  ""eHour"" : { ""S"" : ""11"" },  ""eMeetingId"" : { ""S"" : ""7"" },  ""eMinute"" : { ""S"" : ""34"" },  ""eMonth"" : { ""N"" : ""9"" },  ""ePeriod"" : { ""S"" : ""pm"" },  ""eTimezone"" : { ""S"" : ""India"" },  ""eTopic"" : { ""S"" : ""Test meeting Date"" },  ""eYear"" : { ""S"" : ""2017"" },  ""gmtTime"" : { ""M"" : {      ""eDay"" : { ""S"" : ""28"" },      ""eHour"" : { ""S"" : ""18"" },      ""eMinute"" : { ""S"" : ""04"" },      ""eMonth"" : { ""N"" : ""9"" },      ""eYear"" : { ""S"" : ""2017"" }    }  },  ""refId"" : { ""S"" : ""1506621811831_yJSFMErqMX"" }}"
"1506604983553_SPhLNdD21p","{  ""domainName"" : { ""S"" : ""Unknown"" },  ""eAccessCode"" : { ""N"" : ""0"" },  ""eCallRecordComplete"" : { ""N"" : ""0"" },  ""eCallStatus"" : { ""N"" : ""0"" },  ""eComplete"" : { ""N"" : ""0"" },  ""eDay"" : { ""S"" : ""28"" },  ""eDialinNumber"" : { ""S"" : ""919769157469"" },  ""eHour"" : { ""S"" : ""6"" },  ""eMeetingId"" : { ""N"" : ""0"" },  ""eMinute"" : { ""S"" : ""17"" },  ""eMonth"" : { ""S"" : ""09"" },  ""ePeriod"" : { ""S"" : ""PM"" },  ""eTimezone"" : { ""S"" : ""Mumbai"" },  ""eTopic"" : { ""S"" : ""found in my home  --001a1143a468b6348d055a3fceac Content-Type: text/html; charset=\""UTF-8\"" Content-Transfer-Encoding: quoted-printable  <div dir=3D\""ltr\""><div>You&#39;ve been invited to a meeting.=C2=A0</div><div= >The meeting will commence at 6:17 PM Mumbai time on 28/09/2017.=C2=A0</div= ><div>Please dial +919769157469 to join the meeting..</div><div>Topic: foun= d in my home</div></div>  --001a1143a468b6348d055a3fceac-- "" },  ""eYear"" : { ""S"" : ""2017"" },  ""gmtTime"" : { ""M"" : {      ""eDay"" : { ""S"" : ""28"" },      ""eHour"" : { ""S"" : ""12"" },      ""eMinute"" : { ""S"" : ""47"" },      ""eMonth"" : { ""N"" : ""9"" },      ""eYear"" : { ""S"" : ""2017"" }    }  },  ""refId"" : { ""S"" : ""1506604983553_SPhLNdD21p"" }}"
"1504948796788_VOWX1k67di","{  ""domainName"" : { ""S"" : ""Unknown"" },  ""eAccessCode"" : { ""S"" : ""535333"" },  ""eDay"" : { ""S"" : ""10"" },  ""eDialinNumber"" : { ""S"" : ""918286779798"" },  ""eHour"" : { ""S"" : ""7"" },  ""eMeetingId"" : { ""N"" : ""0"" },  ""eMinute"" : { ""N"" : ""0"" },  ""eMonth"" : { ""N"" : ""9"" },  ""ePeriod"" : { ""S"" : ""PM"" },  ""eTimezone"" : { ""S"" : ""Mumbai"" },  ""eYear"" : { ""S"" : ""2017"" },  ""gmtTime"" : { ""M"" : {      ""eDay"" : { ""S"" : ""10"" },      ""eHour"" : { ""S"" : ""13"" },      ""eMinute"" : { ""S"" : ""30"" },      ""eMonth"" : { ""N"" : ""9"" },      ""eYear"" : { ""S"" : ""2017"" }    }  },  ""refId"" : { ""S"" : ""1504948796788_VOWX1k67di"" }}"
"1506606109963_E0xlmJhvkb","{  ""domainName"" : { ""S"" : ""Unknown"" },  ""eAccessCode"" : { ""N"" : ""0"" },  ""eCallRecordComplete"" : { ""N"" : ""0"" },  ""eCallStatus"" : { ""N"" : ""0"" },  ""eComplete"" : { ""N"" : ""0"" },  ""eDay"" : { ""S"" : ""28"" },  ""eDialinNumber"" : { ""S"" : ""919769157469"" },  ""eHour"" : { ""S"" : ""7"" },  ""eMeetingId"" : { ""N"" : ""0"" },  ""eMinute"" : { ""S"" : ""09"" },  ""eMonth"" : { ""S"" : ""09"" },  ""ePeriod"" : { ""S"" : ""pm"" },  ""eTimezone"" : { ""S"" : ""mumbai"" },  ""eTopic"" : { ""S"" : ""sail is a whale  --001a113bcc7e2c9489055a400f20 Content-Type: text/html; charset=\""UTF-8\""  <div dir=\""ltr\"">you have been invited to a meeting.<br>the meeting will commence at 7:09 pm in mumbai time on 28/09/2017. Please dial +919769157469 to join the meeting.<br>Topic: sail is a whale</div>  --001a113bcc7e2c9489055a400f20-- "" },  ""eYear"" : { ""S"" : ""2017"" },  ""gmtTime"" : { ""M"" : {      ""eDay"" : { ""S"" : ""28"" },      ""eHour"" : { ""S"" : ""13"" },      ""eMinute"" : { ""S"" : ""39"" },      ""eMonth"" : { ""N"" : ""9"" },      ""eYear"" : { ""S"" : ""2017"" }    }  },  ""refId"" : { ""S"" : ""1506606109963_E0xlmJhvkb"" }}"
"1506617132531_DdVyR8zYts","{  ""domainName"" : { ""S"" : ""Unknown"" },  ""eAccessCode"" : { ""N"" : ""0"" },  ""eCallRecordComplete"" : { ""N"" : ""0"" },  ""eCallStatus"" : { ""N"" : ""0"" },  ""eComplete"" : { ""N"" : ""0"" },  ""eDay"" : { ""S"" : ""28"" },  ""eDialinNumber"" : { ""S"" : ""918454858349"" },  ""eHour"" : { ""S"" : ""10"" },  ""eMeetingId"" : { ""N"" : ""0"" },  ""eMinute"" : { ""S"" : ""16"" },  ""eMonth"" : { ""S"" : ""09"" },  ""ePeriod"" : { ""S"" : ""PM"" },  ""eTimezone"" : { ""S"" : ""Mumbai"" },  ""eTopic"" : { ""S"" : ""going to watch next "" },  ""eYear"" : { ""S"" : ""2017"" },  ""gmtTime"" : { ""M"" : {      ""eDay"" : { ""S"" : ""28"" },      ""eHour"" : { ""S"" : ""16"" },      ""eMinute"" : { ""S"" : ""46"" },      ""eMonth"" : { ""N"" : ""9"" },      ""eYear"" : { ""S"" : ""2017"" }    }  },  ""refId"" : { ""S"" : ""1506617132531_DdVyR8zYts"" }}"
"1506772575794_6GOeTegcUF","{  ""domainName"" : { ""S"" : ""Unknown"" },  ""eAccessCode"" : { ""N"" : ""0"" },  ""eCallRecordComplete"" : { ""N"" : ""0"" },  ""eCallStatus"" : { ""N"" : ""0"" },  ""eComplete"" : { ""N"" : ""0"" },  ""eDay"" : { ""S"" : ""30"" },  ""eDialinNumber"" : { ""S"" : ""919769157469"" },  ""eHour"" : { ""S"" : ""5"" },  ""eMeetingId"" : { ""N"" : ""0"" },  ""eMinute"" : { ""S"" : ""28"" },  ""eMonth"" : { ""S"" : ""09"" },  ""ePeriod"" : { ""S"" : ""pm"" },  ""eTimezone"" : { ""S"" : ""mumbai"" },  ""eTopic"" : { ""S"" : ""This should work"" },  ""eYear"" : { ""S"" : ""2017"" },  ""gmtTime"" : { ""M"" : {      ""eDay"" : { ""S"" : ""30"" },      ""eHour"" : { ""S"" : ""11"" },      ""eMinute"" : { ""S"" : ""58"" },      ""eMonth"" : { ""N"" : ""9"" },      ""eYear"" : { ""S"" : ""2017"" }    }  },  ""refId"" : { ""S"" : ""1506772575794_6GOeTegcUF"" }}"
"1506246698665_Zew6MIpNRw","{  ""domainName"" : { ""S"" : ""Unknown"" },  ""eAccessCode"" : { ""N"" : ""0"" },  ""eDay"" : { ""S"" : ""22"" },  ""eDialinNumber"" : { ""S"" : ""91 4534545434 "" },  ""eHour"" : { ""S"" : ""4"" },  ""eMeetingId"" : { ""N"" : ""0"" },  ""eMinute"" : { ""S"" : ""03"" },  ""eMonth"" : { ""S"" : ""09"" },  ""ePeriod"" : { ""S"" : ""PM"" },  ""eTimezone"" : { ""S"" : ""Mumbai"" },  ""eTopic"" : { ""S"" : ""Hi "" },  ""eYear"" : { ""S"" : ""2017"" },  ""gmtTime"" : { ""M"" : {      ""eDay"" : { ""S"" : ""22"" },      ""eHour"" : { ""S"" : ""10"" },      ""eMinute"" : { ""S"" : ""33"" },      ""eMonth"" : { ""N"" : ""9"" },      ""eYear"" : { ""S"" : ""2017"" }    }  },  ""refId"" : { ""S"" : ""1506246698665_Zew6MIpNRw"" }}"
"1507111601457_vW5lfCIMjj","{  ""domainName"" : { ""S"" : ""Unknown"" },  ""eAccessCode"" : { ""N"" : ""0"" },  ""eCallRecordComplete"" : { ""N"" : ""0"" },  ""eCallStatus"" : { ""N"" : ""0"" },  ""eComplete"" : { ""N"" : ""0"" },  ""eDay"" : { ""S"" : ""04"" },  ""eDialinNumber"" : { ""S"" : ""919769157469"" },  ""eHour"" : { ""S"" : ""3"" },  ""eMeetingId"" : { ""N"" : ""0"" },  ""eMinute"" : { ""S"" : ""38"" },  ""eMonth"" : { ""S"" : ""10"" },  ""ePeriod"" : { ""S"" : ""pm"" },  ""eTimezone"" : { ""S"" : ""mumbai"" },  ""eTopic"" : { ""S"" : ""This should work"" },  ""eYear"" : { ""S"" : ""2017"" },  ""gmtTime"" : { ""M"" : {      ""eDay"" : { ""S"" : ""04"" },      ""eHour"" : { ""S"" : ""10"" },      ""eMinute"" : { ""S"" : ""08"" },      ""eMonth"" : { ""N"" : ""10"" },      ""eYear"" : { ""S"" : ""2017"" }    }  },  ""refId"" : { ""S"" : ""1507111601457_vW5lfCIMjj"" }}"
"1505114479528_BptOWIsZQv","{  ""domainName"" : { ""S"" : ""Unknown"" },  ""eAccessCode"" : { ""S"" : ""354245"" },  ""eDay"" : { ""S"" : ""11"" },  ""eDialinNumber"" : { ""S"" : ""918286779798"" },  ""eHour"" : { ""S"" : ""07"" },  ""eMeetingId"" : { ""S"" : ""345 464 433"" },  ""eMinute"" : { ""S"" : ""25"" },  ""eMonth"" : { ""N"" : ""9"" },  ""ePeriod"" : { ""S"" : ""AM"" },  ""eTimezone"" : { ""S"" : ""Iceland"" },  ""eYear"" : { ""S"" : ""2017"" },  ""gmtTime"" : { ""M"" : {      ""eDay"" : { ""S"" : ""10"" },      ""eHour"" : { ""S"" : ""07"" },      ""eMinute"" : { ""S"" : ""25"" },      ""eMonth"" : { ""N"" : ""9"" },      ""eYear"" : { ""S"" : ""2017"" }    }  },  ""refId"" : { ""S"" : ""1505114479528_BptOWIsZQv"" }}"
"1506606166834_jMI5ffr5uK","{  ""domainName"" : { ""S"" : ""Unknown"" },  ""eAccessCode"" : { ""N"" : ""0"" },  ""eCallRecordComplete"" : { ""N"" : ""0"" },  ""eCallStatus"" : { ""N"" : ""0"" },  ""eComplete"" : { ""N"" : ""0"" },  ""eDay"" : { ""S"" : ""28"" },  ""eDialinNumber"" : { ""S"" : ""919769157469"" },  ""eHour"" : { ""S"" : ""7"" },  ""eMeetingId"" : { ""N"" : ""0"" },  ""eMinute"" : { ""S"" : ""14"" },  ""eMonth"" : { ""S"" : ""09"" },  ""ePeriod"" : { ""S"" : ""pm"" },  ""eTimezone"" : { ""S"" : ""mumbai"" },  ""eTopic"" : { ""S"" : ""going to watch next season  --001a114526ec96c2d3055a401475 Content-Type: text/html; charset=\""UTF-8\""  <div dir=\""ltr\"">you have been invited to a meeting.<br>the meeting will commence at 7:14 pm in mumbai time on 28/09/2017. Please dial +919769157469 to join the meeting.<br>Topic: going to watch next season<br></div>  --001a114526ec96c2d3055a401475-- "" },  ""eYear"" : { ""S"" : ""2017"" },  ""gmtTime"" : { ""M"" : {      ""eDay"" : { ""S"" : ""28"" },      ""eHour"" : { ""S"" : ""13"" },      ""eMinute"" : { ""S"" : ""44"" },      ""eMonth"" : { ""N"" : ""9"" },      ""eYear"" : { ""S"" : ""2017"" }    }  },  ""refId"" : { ""S"" : ""1506606166834_jMI5ffr5uK"" }}"
"1506605132734_nOxzTgCDFU","{  ""domainName"" : { ""S"" : ""Unknown"" },  ""eAccessCode"" : { ""N"" : ""0"" },  ""eCallRecordComplete"" : { ""N"" : ""0"" },  ""eCallStatus"" : { ""N"" : ""0"" },  ""eComplete"" : { ""N"" : ""0"" },  ""eDay"" : { ""S"" : ""28"" },  ""eDialinNumber"" : { ""S"" : ""919769157469"" },  ""eHour"" : { ""S"" : ""6"" },  ""eMeetingId"" : { ""N"" : ""0"" },  ""eMinute"" : { ""S"" : ""57"" },  ""eMonth"" : { ""S"" : ""09"" },  ""ePeriod"" : { ""S"" : ""PM"" },  ""eTimezone"" : { ""S"" : ""Mumbai"" },  ""eTopic"" : { ""S"" : ""found in my home please  --001a1143a468ecfed2055a3fd6af Content-Type: text/html; charset=\""UTF-8\""  <div dir=\""ltr\"">You&#39;ve been invited to a meeting. The meeting will commence at 6:57PM Mumbai time on 28/09/2017. Please dial +919769157469 to join the meeting..<br>Topic: found in my home please<br></div>  --001a1143a468ecfed2055a3fd6af-- "" },  ""eYear"" : { ""S"" : ""2017"" },  ""gmtTime"" : { ""M"" : {      ""eDay"" : { ""S"" : ""28"" },      ""eHour"" : { ""S"" : ""13"" },      ""eMinute"" : { ""S"" : ""27"" },      ""eMonth"" : { ""N"" : ""9"" },      ""eYear"" : { ""S"" : ""2017"" }    }  },  ""refId"" : { ""S"" : ""1506605132734_nOxzTgCDFU"" }}"
"1506626789643_dY9k84bR9m","{  ""domainName"" : { ""S"" : ""Unknown"" },  ""eAccessCode"" : { ""N"" : ""0"" },  ""eCallRecordComplete"" : { ""N"" : ""0"" },  ""eCallStatus"" : { ""N"" : ""0"" },  ""eComplete"" : { ""N"" : ""0"" },  ""eDay"" : { ""S"" : ""28"" },  ""eDialinNumber"" : { ""S"" : ""919769157469"" },  ""eHour"" : { ""S"" : ""12"" },  ""eMeetingId"" : { ""N"" : ""0"" },  ""eMinute"" : { ""S"" : ""58"" },  ""eMonth"" : { ""S"" : ""09"" },  ""ePeriod"" : { ""S"" : ""am"" },  ""eTimezone"" : { ""S"" : ""mumbai"" },  ""eTopic"" : { ""S"" : ""This should work you have been invited to a meeting"" },  ""eYear"" : { ""S"" : ""2017"" },  ""gmtTime"" : { ""M"" : {      ""eDay"" : { ""S"" : ""27"" },      ""eHour"" : { ""S"" : ""19"" },      ""eMinute"" : { ""S"" : ""28"" },      ""eMonth"" : { ""N"" : ""9"" },      ""eYear"" : { ""S"" : ""2017"" }    }  },  ""refId"" : { ""S"" : ""1506626789643_dY9k84bR9m"" }}"
"1506404248912_cwEDMInbL9","{  ""domainName"" : { ""S"" : ""zoom.us"" },  ""eDay"" : { ""S"" : ""26"" },  ""eDialinNumber"" : { ""S"" : ""1 646 876 9923"" },  ""eHour"" : { ""S"" : ""11"" },  ""eMeetingId"" : { ""S"" : ""824 387 518"" },  ""eMinute"" : { ""S"" : ""08"" },  ""eMonth"" : { ""N"" : ""9"" },  ""ePeriod"" : { ""S"" : ""AM"" },  ""eTimezone"" : { ""S"" : ""India"" },  ""eTopic"" : { ""S"" : ""My Meeting"" },  ""eYear"" : { ""S"" : ""2017"" },  ""gmtTime"" : { ""M"" : {      ""eDay"" : { ""S"" : ""26"" },      ""eHour"" : { ""S"" : ""05"" },      ""eMinute"" : { ""S"" : ""38"" },      ""eMonth"" : { ""N"" : ""9"" },      ""eYear"" : { ""S"" : ""2017"" }    }  },  ""refId"" : { ""S"" : ""1506404248912_cwEDMInbL9"" }}"
"1504964409846_BFYkcTMXMU","{  ""domainName"" : { ""S"" : ""zoom.us"" },  ""eDay"" : { ""S"" : ""19"" },  ""eDialinNumber"" : { ""S"" : ""918286779798"" },  ""eHour"" : { ""S"" : ""07"" },  ""eMeetingId"" : { ""S"" : ""996 337 744"" },  ""eMinute"" : { ""S"" : ""14"" },  ""eMonth"" : { ""N"" : ""9"" },  ""ePeriod"" : { ""S"" : ""PM"" },  ""eTimezone"" : { ""S"" : ""India"" },  ""eYear"" : { ""S"" : ""2017"" },  ""gmtTime"" : { ""M"" : {      ""eDay"" : { ""S"" : ""19"" },      ""eHour"" : { ""S"" : ""13"" },      ""eMinute"" : { ""S"" : ""44"" },      ""eMonth"" : { ""N"" : ""9"" },      ""eYear"" : { ""S"" : ""2017"" }    }  },  ""refId"" : { ""S"" : ""1504964409846_BFYkcTMXMU"" }}"
"1506496619551_6HKIxNJtEG","{  ""domainName"" : { ""S"" : ""Unknown"" },  ""eAccessCode"" : { ""N"" : ""0"" },  ""eCallRecordComplete"" : { ""N"" : ""0"" },  ""eCallStatus"" : { ""N"" : ""0"" },  ""eComplete"" : { ""N"" : ""0"" },  ""eDay"" : { ""S"" : ""27"" },  ""eDialinNumber"" : { ""S"" : ""918286779798"" },  ""eHour"" : { ""S"" : ""12"" },  ""eMeetingId"" : { ""N"" : ""0"" },  ""eMinute"" : { ""S"" : ""48"" },  ""eMonth"" : { ""S"" : ""09"" },  ""ePeriod"" : { ""S"" : ""PM"" },  ""eTimezone"" : { ""S"" : ""Mumbai"" },  ""eTopic"" : { ""S"" : ""Hi "" },  ""eYear"" : { ""S"" : ""2017"" },  ""gmtTime"" : { ""M"" : {      ""eDay"" : { ""S"" : ""27"" },      ""eHour"" : { ""S"" : ""07"" },      ""eMinute"" : { ""S"" : ""18"" },      ""eMonth"" : { ""N"" : ""9"" },      ""eYear"" : { ""S"" : ""2017"" }    }  },  ""refId"" : { ""S"" : ""1506496619551_6HKIxNJtEG"" }}"
"1506775369550_FShXrMqvjV","{  ""domainName"" : { ""S"" : ""Unknown"" },  ""eAccessCode"" : { ""N"" : ""0"" },  ""eCallRecordComplete"" : { ""N"" : ""0"" },  ""eCallStatus"" : { ""N"" : ""0"" },  ""eComplete"" : { ""N"" : ""0"" },  ""eDay"" : { ""S"" : ""30"" },  ""eDialinNumber"" : { ""S"" : ""919769157469"" },  ""eHour"" : { ""S"" : ""6"" },  ""eMeetingId"" : { ""N"" : ""0"" },  ""eMinute"" : { ""S"" : ""14"" },  ""eMonth"" : { ""S"" : ""09"" },  ""ePeriod"" : { ""S"" : ""pm"" },  ""eTimezone"" : { ""S"" : ""mumbai"" },  ""eTopic"" : { ""S"" : ""This should work"" },  ""eYear"" : { ""S"" : ""2017"" },  ""gmtTime"" : { ""M"" : {      ""eDay"" : { ""S"" : ""30"" },      ""eHour"" : { ""S"" : ""12"" },      ""eMinute"" : { ""S"" : ""44"" },      ""eMonth"" : { ""N"" : ""9"" },      ""eYear"" : { ""S"" : ""2017"" }    }  },  ""refId"" : { ""S"" : ""1506775369550_FShXrMqvjV"" }}"
"1506677428951_qJffhKowuj","{  ""domainName"" : { ""S"" : ""Unknown"" },  ""eAccessCode"" : { ""N"" : ""0"" },  ""eCallRecordComplete"" : { ""N"" : ""0"" },  ""eCallStatus"" : { ""N"" : ""0"" },  ""eComplete"" : { ""N"" : ""0"" },  ""eDay"" : { ""S"" : ""29"" },  ""eDialinNumber"" : { ""S"" : ""919769157469"" },  ""eHour"" : { ""S"" : ""3"" },  ""eMeetingId"" : { ""N"" : ""0"" },  ""eMinute"" : { ""S"" : ""03"" },  ""eMonth"" : { ""S"" : ""09"" },  ""ePeriod"" : { ""S"" : ""pm"" },  ""eTimezone"" : { ""S"" : ""mumbai"" },  ""eTopic"" : { ""S"" : ""This should work"" },  ""eYear"" : { ""S"" : ""2017"" },  ""gmtTime"" : { ""M"" : {      ""eDay"" : { ""S"" : ""29"" },      ""eHour"" : { ""S"" : ""09"" },      ""eMinute"" : { ""S"" : ""33"" },      ""eMonth"" : { ""N"" : ""9"" },      ""eYear"" : { ""S"" : ""2017"" }    }  },  ""refId"" : { ""S"" : ""1506677428951_qJffhKowuj"" }}"
"1505113474809_im9UybqqDm","{  ""domainName"" : { ""S"" : ""Unknown"" },  ""eAccessCode"" : { ""S"" : ""354245"" },  ""eDay"" : { ""S"" : ""11"" },  ""eDialinNumber"" : { ""S"" : ""918286779798"" },  ""eHour"" : { ""S"" : ""12"" },  ""eMeetingId"" : { ""S"" : ""345 464 433"" },  ""eMinute"" : { ""S"" : ""30"" },  ""eMonth"" : { ""N"" : ""9"" },  ""ePeriod"" : { ""S"" : ""PM"" },  ""eTimezone"" : { ""S"" : ""Mumbai"" },  ""eYear"" : { ""S"" : ""2017"" },  ""gmtTime"" : { ""M"" : {      ""eDay"" : { ""S"" : ""11"" },      ""eHour"" : { ""S"" : ""07"" },      ""eMinute"" : { ""S"" : ""00"" },      ""eMonth"" : { ""N"" : ""9"" },      ""eYear"" : { ""S"" : ""2017"" }    }  },  ""refId"" : { ""S"" : ""1505113474809_im9UybqqDm"" }}"
"1506248191995_RGgTNedoXZ","{  ""domainName"" : { ""S"" : ""zoom.us"" },  ""eDay"" : { ""S"" : ""24"" },  ""eDialinNumber"" : { ""S"" : ""1 646 876 9923"" },  ""eHour"" : { ""S"" : ""1"" },  ""eMeetingId"" : { ""S"" : ""824 387 518"" },  ""eMinute"" : { ""S"" : ""00"" },  ""eMonth"" : { ""N"" : ""9"" },  ""ePeriod"" : { ""S"" : ""PM"" },  ""eTimezone"" : { ""S"" : ""India"" },  ""eTopic"" : { ""S"" : ""My Meeting"" },  ""eYear"" : { ""S"" : ""2017"" },  ""gmtTime"" : { ""M"" : {      ""eDay"" : { ""S"" : ""24"" },      ""eHour"" : { ""S"" : ""07"" },      ""eMinute"" : { ""S"" : ""30"" },      ""eMonth"" : { ""N"" : ""9"" },      ""eYear"" : { ""S"" : ""2017"" }    }  },  ""refId"" : { ""S"" : ""1506248191995_RGgTNedoXZ"" }}"
"1506623259053_UKA8tAXWjf","{  ""domainName"" : { ""S"" : ""Unknown"" },  ""eAccessCode"" : { ""S"" : ""593 766 13 "" },  ""eCallRecordComplete"" : { ""N"" : ""0"" },  ""eCallStatus"" : { ""N"" : ""0"" },  ""eComplete"" : { ""N"" : ""0"" },  ""eDay"" : { ""S"" : ""28"" },  ""eDialinNumber"" : { ""S"" : ""918454858349"" },  ""eHour"" : { ""S"" : ""11"" },  ""eMeetingId"" : { ""S"" : ""7"" },  ""eMinute"" : { ""S"" : ""58"" },  ""eMonth"" : { ""N"" : ""9"" },  ""ePeriod"" : { ""S"" : ""pm"" },  ""eTimezone"" : { ""S"" : ""India"" },  ""eTopic"" : { ""S"" : ""Test meeting Date"" },  ""eYear"" : { ""S"" : ""2017"" },  ""gmtTime"" : { ""M"" : {      ""eDay"" : { ""S"" : ""28"" },      ""eHour"" : { ""S"" : ""18"" },      ""eMinute"" : { ""S"" : ""28"" },      ""eMonth"" : { ""N"" : ""9"" },      ""eYear"" : { ""S"" : ""2017"" }    }  },  ""refId"" : { ""S"" : ""1506623259053_UKA8tAXWjf"" }}"
"1506602112213_643HnlwccZ","{  ""domainName"" : { ""S"" : ""Unknown"" },  ""eAccessCode"" : { ""N"" : ""0"" },  ""eCallRecordComplete"" : { ""N"" : ""0"" },  ""eCallStatus"" : { ""N"" : ""0"" },  ""eComplete"" : { ""N"" : ""0"" },  ""eDay"" : { ""S"" : ""28"" },  ""eDialinNumber"" : { ""S"" : ""918454858349"" },  ""eHour"" : { ""S"" : ""6"" },  ""eMeetingId"" : { ""N"" : ""0"" },  ""eMinute"" : { ""S"" : ""06"" },  ""eMonth"" : { ""S"" : ""09"" },  ""ePeriod"" : { ""S"" : ""PM"" },  ""eTimezone"" : { ""S"" : ""Mumbai"" },  ""eTopic"" : { ""S"" : ""My Meeting Subject "" },  ""eYear"" : { ""S"" : ""2017"" },  ""gmtTime"" : { ""M"" : {      ""eDay"" : { ""S"" : ""28"" },      ""eHour"" : { ""S"" : ""12"" },      ""eMinute"" : { ""S"" : ""36"" },      ""eMonth"" : { ""N"" : ""9"" },      ""eYear"" : { ""S"" : ""2017"" }    }  },  ""refId"" : { ""S"" : ""1506602112213_643HnlwccZ"" }}"
"1506601895633_qRurZHRDcc","{  ""domainName"" : { ""S"" : ""Unknown"" },  ""eAccessCode"" : { ""N"" : ""0"" },  ""eCallRecordComplete"" : { ""N"" : ""0"" },  ""eCallStatus"" : { ""N"" : ""0"" },  ""eComplete"" : { ""N"" : ""0"" },  ""eDay"" : { ""S"" : ""28"" },  ""eDialinNumber"" : { ""S"" : ""918454858349"" },  ""eHour"" : { ""S"" : ""5"" },  ""eMeetingId"" : { ""N"" : ""0"" },  ""eMinute"" : { ""S"" : ""57"" },  ""eMonth"" : { ""S"" : ""09"" },  ""ePeriod"" : { ""S"" : ""PM"" },  ""eTimezone"" : { ""S"" : ""Mumbai"" },  ""eTopic"" : { ""S"" : ""My Meeting Subject "" },  ""eYear"" : { ""S"" : ""2017"" },  ""gmtTime"" : { ""M"" : {      ""eDay"" : { ""S"" : ""28"" },      ""eHour"" : { ""S"" : ""12"" },      ""eMinute"" : { ""S"" : ""27"" },      ""eMonth"" : { ""N"" : ""9"" },      ""eYear"" : { ""S"" : ""2017"" }    }  },  ""refId"" : { ""S"" : ""1506601895633_qRurZHRDcc"" }}"
"1505111754728_QtEWoa4EIi","{  ""domainName"" : { ""S"" : ""Unknown"" },  ""eAccessCode"" : { ""S"" : ""354245"" },  ""eDay"" : { ""S"" : ""25"" },  ""eDialinNumber"" : { ""S"" : ""918286779798"" },  ""eHour"" : { ""S"" : ""2"" },  ""eMeetingId"" : { ""S"" : ""345 464 433"" },  ""eMinute"" : { ""S"" : ""00"" },  ""eMonth"" : { ""N"" : ""1"" },  ""ePeriod"" : { ""S"" : ""AM"" },  ""eTimezone"" : { ""S"" : ""Mumbai"" },  ""eYear"" : { ""S"" : ""2017"" },  ""gmtTime"" : { ""M"" : {      ""eDay"" : { ""S"" : ""24"" },      ""eHour"" : { ""S"" : ""20"" },      ""eMinute"" : { ""S"" : ""30"" },      ""eMonth"" : { ""N"" : ""1"" },      ""eYear"" : { ""S"" : ""2017"" }    }  },  ""refId"" : { ""S"" : ""1505111754728_QtEWoa4EIi"" }}"
"1506622313593_950gcgSh3n","{  ""domainName"" : { ""S"" : ""Unknown"" },  ""eAccessCode"" : { ""N"" : ""0"" },  ""eCallRecordComplete"" : { ""N"" : ""0"" },  ""eCallStatus"" : { ""N"" : ""0"" },  ""eComplete"" : { ""N"" : ""0"" },  ""eDay"" : { ""S"" : ""28"" },  ""eDialinNumber"" : { ""S"" : ""919769157469"" },  ""eHour"" : { ""S"" : ""11"" },  ""eMeetingId"" : { ""N"" : ""0"" },  ""eMinute"" : { ""S"" : ""43"" },  ""eMonth"" : { ""S"" : ""09"" },  ""ePeriod"" : { ""S"" : ""pm"" },  ""eTimezone"" : { ""S"" : ""mumbai"" },  ""eTopic"" : { ""S"" : ""This should work you have been invited to a meeting"" },  ""eYear"" : { ""S"" : ""2017"" },  ""gmtTime"" : { ""M"" : {      ""eDay"" : { ""S"" : ""28"" },      ""eHour"" : { ""S"" : ""18"" },      ""eMinute"" : { ""S"" : ""13"" },      ""eMonth"" : { ""N"" : ""9"" },      ""eYear"" : { ""S"" : ""2017"" }    }  },  ""refId"" : { ""S"" : ""1506622313593_950gcgSh3n"" }}"
"1506246252976_lg5FVtPlSe","{  ""domainName"" : { ""S"" : ""Unknown"" },  ""eAccessCode"" : { ""N"" : ""0"" },  ""eDay"" : { ""S"" : ""22"" },  ""eDialinNumber"" : { ""S"" : ""918286779798"" },  ""eHour"" : { ""S"" : ""4"" },  ""eMeetingId"" : { ""N"" : ""0"" },  ""eMinute"" : { ""S"" : ""03"" },  ""eMonth"" : { ""S"" : ""09"" },  ""ePeriod"" : { ""S"" : ""PM"" },  ""eTimezone"" : { ""S"" : ""Mumbai"" },  ""eYear"" : { ""S"" : ""2017"" },  ""gmtTime"" : { ""M"" : {      ""eDay"" : { ""S"" : ""22"" },      ""eHour"" : { ""S"" : ""10"" },      ""eMinute"" : { ""S"" : ""33"" },      ""eMonth"" : { ""N"" : ""9"" },      ""eYear"" : { ""S"" : ""2017"" }    }  },  ""refId"" : { ""S"" : ""1506246252976_lg5FVtPlSe"" }}"
"1505907367735_Z8qP5EEkAK","{  ""domainName"" : { ""S"" : ""zoom.us"" },  ""eDay"" : { ""S"" : ""9"" },  ""eDialinNumber"" : { ""S"" : ""918286779798"" },  ""eHour"" : { ""S"" : ""11"" },  ""eMeetingId"" : { ""S"" : ""996 337 744"" },  ""eMinute"" : { ""S"" : ""59"" },  ""eMonth"" : { ""N"" : ""9"" },  ""ePeriod"" : { ""S"" : ""AM"" },  ""eTimezone"" : { ""S"" : ""India"" },  ""eYear"" : { ""S"" : ""2017"" },  ""gmtTime"" : { ""M"" : {      ""eDay"" : { ""S"" : ""09"" },      ""eHour"" : { ""S"" : ""06"" },      ""eMinute"" : { ""S"" : ""29"" },      ""eMonth"" : { ""N"" : ""9"" },      ""eYear"" : { ""S"" : ""2017"" }    }  },  ""refId"" : { ""S"" : ""1505907367735_Z8qP5EEkAK"" }}"
"1506768254375_epWev8pFHK","{  ""domainName"" : { ""S"" : ""Unknown"" },  ""eAccessCode"" : { ""N"" : ""0"" },  ""eCallRecordComplete"" : { ""N"" : ""0"" },  ""eCallStatus"" : { ""N"" : ""0"" },  ""eComplete"" : { ""N"" : ""0"" },  ""eDay"" : { ""S"" : ""29"" },  ""eDialinNumber"" : { ""S"" : ""918286779798"" },  ""eHour"" : { ""S"" : ""4"" },  ""eMeetingId"" : { ""N"" : ""0"" },  ""eMinute"" : { ""S"" : ""15"" },  ""eMonth"" : { ""S"" : ""09"" },  ""ePeriod"" : { ""S"" : ""pm"" },  ""eTimezone"" : { ""S"" : ""mumbai"" },  ""eTopic"" : { ""S"" : ""This should work"" },  ""eYear"" : { ""S"" : ""2017"" },  ""gmtTime"" : { ""M"" : {      ""eDay"" : { ""S"" : ""29"" },      ""eHour"" : { ""S"" : ""10"" },      ""eMinute"" : { ""S"" : ""45"" },      ""eMonth"" : { ""N"" : ""9"" },      ""eYear"" : { ""S"" : ""2017"" }    }  },  ""refId"" : { ""S"" : ""1506768254375_epWev8pFHK"" }}"
"1506770435754_YQ56XsktBJ","{  ""domainName"" : { ""S"" : ""Unknown"" },  ""eAccessCode"" : { ""N"" : ""0"" },  ""eCallRecordComplete"" : { ""N"" : ""0"" },  ""eCallStatus"" : { ""N"" : ""0"" },  ""eComplete"" : { ""N"" : ""0"" },  ""eDay"" : { ""S"" : ""30"" },  ""eDialinNumber"" : { ""S"" : ""919769157469"" },  ""eHour"" : { ""S"" : ""4"" },  ""eMeetingId"" : { ""N"" : ""0"" },  ""eMinute"" : { ""S"" : ""52"" },  ""eMonth"" : { ""S"" : ""09"" },  ""ePeriod"" : { ""S"" : ""pm"" },  ""eTimezone"" : { ""S"" : ""mumbai"" },  ""eTopic"" : { ""S"" : ""This should work"" },  ""eYear"" : { ""S"" : ""2017"" },  ""gmtTime"" : { ""M"" : {      ""eDay"" : { ""S"" : ""30"" },      ""eHour"" : { ""S"" : ""11"" },      ""eMinute"" : { ""S"" : ""22"" },      ""eMonth"" : { ""N"" : ""9"" },      ""eYear"" : { ""S"" : ""2017"" }    }  },  ""refId"" : { ""S"" : ""1506770435754_YQ56XsktBJ"" }}"
"1505479781059_chqCUSLx9a","{  ""domainName"" : { ""S"" : ""Unknown"" },  ""eAccessCode"" : { ""S"" : ""4534543 "" },  ""eDay"" : { ""S"" : ""13"" },  ""eDialinNumber"" : { ""S"" : ""918286779798"" },  ""eHour"" : { ""S"" : ""6"" },  ""eMeetingId"" : { ""N"" : ""0"" },  ""eMinute"" : { ""S"" : ""21"" },  ""eMonth"" : { ""N"" : ""9"" },  ""ePeriod"" : { ""S"" : ""PM"" },  ""eTimezone"" : { ""S"" : ""Mumbai"" },  ""eYear"" : { ""S"" : ""2017"" },  ""gmtTime"" : { ""M"" : {      ""eDay"" : { ""S"" : ""13"" },      ""eHour"" : { ""S"" : ""12"" },      ""eMinute"" : { ""S"" : ""51"" },      ""eMonth"" : { ""N"" : ""9"" },      ""eYear"" : { ""S"" : ""2017"" }    }  },  ""refId"" : { ""S"" : ""1505479781059_chqCUSLx9a"" }}"
"1506496446851_8KMQNA7yZw","{  ""domainName"" : { ""S"" : ""Unknown"" },  ""eAccessCode"" : { ""N"" : ""0"" },  ""eCallRecordComplete"" : { ""N"" : ""0"" },  ""eCallStatus"" : { ""N"" : ""0"" },  ""eComplete"" : { ""N"" : ""0"" },  ""eDay"" : { ""S"" : ""27"" },  ""eDialinNumber"" : { ""S"" : ""918286779798"" },  ""eHour"" : { ""S"" : ""12"" },  ""eMeetingId"" : { ""N"" : ""0"" },  ""eMinute"" : { ""S"" : ""44"" },  ""eMonth"" : { ""S"" : ""09"" },  ""ePeriod"" : { ""S"" : ""PM"" },  ""eTimezone"" : { ""S"" : ""Mumbai"" },  ""eTopic"" : { ""S"" : ""Hi "" },  ""eYear"" : { ""S"" : ""2017"" },  ""gmtTime"" : { ""M"" : {      ""eDay"" : { ""S"" : ""27"" },      ""eHour"" : { ""S"" : ""07"" },      ""eMinute"" : { ""S"" : ""14"" },      ""eMonth"" : { ""N"" : ""9"" },      ""eYear"" : { ""S"" : ""2017"" }    }  },  ""refId"" : { ""S"" : ""1506496446851_8KMQNA7yZw"" }}"
"1506246366419_N0ndV6mVQd","{  ""domainName"" : { ""S"" : ""Unknown"" },  ""eAccessCode"" : { ""N"" : ""0"" },  ""eDay"" : { ""S"" : ""22"" },  ""eDialinNumber"" : { ""S"" : ""91 4534545434 "" },  ""eHour"" : { ""S"" : ""4"" },  ""eMeetingId"" : { ""N"" : ""0"" },  ""eMinute"" : { ""S"" : ""03"" },  ""eMonth"" : { ""S"" : ""09"" },  ""ePeriod"" : { ""S"" : ""PM"" },  ""eTimezone"" : { ""S"" : ""Mumbai"" },  ""eYear"" : { ""S"" : ""2017"" },  ""gmtTime"" : { ""M"" : {      ""eDay"" : { ""S"" : ""22"" },      ""eHour"" : { ""S"" : ""10"" },      ""eMinute"" : { ""S"" : ""33"" },      ""eMonth"" : { ""N"" : ""9"" },      ""eYear"" : { ""S"" : ""2017"" }    }  },  ""refId"" : { ""S"" : ""1506246366419_N0ndV6mVQd"" }}"
"1504944258986_hBLEQ0Ezth","{  ""domainName"" : { ""S"" : ""Unknown"" },  ""eAccessCode"" : { ""S"" : ""333000"" },  ""eDay"" : { ""S"" : ""9"" },  ""eDialinNumber"" : { ""S"" : ""918286779798"" },  ""eHour"" : { ""S"" : ""1"" },  ""eMeetingId"" : { ""N"" : ""0"" },  ""eMinute"" : { ""S"" : ""36"" },  ""eMonth"" : { ""N"" : ""9"" },  ""ePeriod"" : { ""S"" : ""PM"" },  ""eTimezone"" : { ""S"" : ""Mumbai"" },  ""eYear"" : { ""S"" : ""2017"" },  ""gmtTime"" : { ""M"" : {      ""eDay"" : { ""S"" : ""09"" },      ""eHour"" : { ""S"" : ""08"" },      ""eMinute"" : { ""S"" : ""06"" },      ""eMonth"" : { ""N"" : ""9"" },      ""eYear"" : { ""S"" : ""2017"" }    }  },  ""refId"" : { ""S"" : ""1504944258986_hBLEQ0Ezth"" }}"
"1507209729386_psOTBtkirN","{  ""domainName"" : { ""S"" : ""Unknown"" },  ""eAccessCode"" : { ""N"" : ""0"" },  ""eCallRecordComplete"" : { ""N"" : ""0"" },  ""eCallStatus"" : { ""N"" : ""0"" },  ""eComplete"" : { ""N"" : ""0"" },  ""eDay"" : { ""S"" : ""05"" },  ""eDialinNumber"" : { ""S"" : ""919769157469"" },  ""eHour"" : { ""S"" : ""6"" },  ""eMeetingId"" : { ""N"" : ""0"" },  ""eMinute"" : { ""S"" : ""54"" },  ""eMonth"" : { ""S"" : ""10"" },  ""ePeriod"" : { ""S"" : ""pm"" },  ""eTimezone"" : { ""S"" : ""mumbai"" },  ""eTopic"" : { ""S"" : ""This should work"" },  ""eYear"" : { ""S"" : ""2017"" },  ""gmtTime"" : { ""M"" : {      ""eDay"" : { ""S"" : ""05"" },      ""eHour"" : { ""S"" : ""13"" },      ""eMinute"" : { ""S"" : ""24"" },      ""eMonth"" : { ""N"" : ""10"" },      ""eYear"" : { ""S"" : ""2017"" }    }  },  ""initiator"" : { ""S"" : ""naikswapnil08@gmail.com"" },  ""options"" : { ""M"" : {    }  },  ""refId"" : { ""S"" : ""1507209729386_psOTBtkirN"" }}"
"1506682918866_YZ4Tm6sBsj","{  ""domainName"" : { ""S"" : ""Unknown"" },  ""eAccessCode"" : { ""N"" : ""0"" },  ""eCallRecordComplete"" : { ""N"" : ""1"" },  ""eCallStatus"" : { ""N"" : ""1"" },  ""eComplete"" : { ""N"" : ""1"" },  ""eDay"" : { ""S"" : ""29"" },  ""eDialinNumber"" : { ""S"" : ""919819008864"" },  ""eHour"" : { ""S"" : ""4"" },  ""eMeetingId"" : { ""N"" : ""0"" },  ""eMinute"" : { ""S"" : ""35"" },  ""eMonth"" : { ""N"" : ""9"" },  ""ePeriod"" : { ""S"" : ""pm"" },  ""eTimezone"" : { ""S"" : ""Mumbai"" },  ""eTopic"" : { ""S"" : ""New Meeting"" },  ""eYear"" : { ""S"" : ""2017"" },  ""gmtTime"" : { ""M"" : {      ""eDay"" : { ""S"" : ""29"" },      ""eHour"" : { ""S"" : ""11"" },      ""eMinute"" : { ""S"" : ""05"" },      ""eMonth"" : { ""N"" : ""9"" },      ""eYear"" : { ""S"" : ""2017"" }    }  },  ""refId"" : { ""S"" : ""1506682918866_YZ4Tm6sBsj"" }}"
"1505114995167_7fAAOtxzrj","{  ""domainName"" : { ""S"" : ""Unknown"" },  ""eAccessCode"" : { ""S"" : ""354245"" },  ""eDay"" : { ""S"" : ""11"" },  ""eDialinNumber"" : { ""S"" : ""918286779798"" },  ""eHour"" : { ""S"" : ""12"" },  ""eMeetingId"" : { ""S"" : ""345 464 433"" },  ""eMinute"" : { ""S"" : ""30"" },  ""eMonth"" : { ""N"" : ""9"" },  ""ePeriod"" : { ""S"" : ""AM"" },  ""eTimezone"" : { ""S"" : ""Mumbai"" },  ""eYear"" : { ""S"" : ""2017"" },  ""gmtTime"" : { ""M"" : {      ""eDay"" : { ""S"" : ""10"" },      ""eHour"" : { ""S"" : ""19"" },      ""eMinute"" : { ""S"" : ""00"" },      ""eMonth"" : { ""N"" : ""9"" },      ""eYear"" : { ""S"" : ""2017"" }    }  },  ""refId"" : { ""S"" : ""1505114995167_7fAAOtxzrj"" }}"
"1506777534955_0xJMI0gJxJ","{  ""domainName"" : { ""S"" : ""Unknown"" },  ""eAccessCode"" : { ""N"" : ""0"" },  ""eCallRecordComplete"" : { ""N"" : ""1"" },  ""eCallStatus"" : { ""N"" : ""1"" },  ""eComplete"" : { ""N"" : ""1"" },  ""eDay"" : { ""S"" : ""30"" },  ""eDialinNumber"" : { ""S"" : ""919769157469"" },  ""eHour"" : { ""S"" : ""6"" },  ""eMeetingId"" : { ""N"" : ""0"" },  ""eMinute"" : { ""S"" : ""50"" },  ""eMonth"" : { ""S"" : ""09"" },  ""ePeriod"" : { ""S"" : ""pm"" },  ""eTimezone"" : { ""S"" : ""mumbai"" },  ""eTopic"" : { ""S"" : ""This should work"" },  ""eYear"" : { ""S"" : ""2017"" },  ""gmtTime"" : { ""M"" : {      ""eDay"" : { ""S"" : ""30"" },      ""eHour"" : { ""S"" : ""13"" },      ""eMinute"" : { ""S"" : ""20"" },      ""eMonth"" : { ""N"" : ""9"" },      ""eYear"" : { ""S"" : ""2017"" }    }  },  ""refId"" : { ""S"" : ""1506777534955_0xJMI0gJxJ"" }}"
"1506601639734_gXI5QRQpmy","{  ""domainName"" : { ""S"" : ""Unknown"" },  ""eAccessCode"" : { ""N"" : ""0"" },  ""eCallRecordComplete"" : { ""N"" : ""0"" },  ""eCallStatus"" : { ""N"" : ""0"" },  ""eComplete"" : { ""N"" : ""0"" },  ""eDay"" : { ""S"" : ""28"" },  ""eDialinNumber"" : { ""S"" : ""918454858349"" },  ""eHour"" : { ""S"" : ""5"" },  ""eMeetingId"" : { ""N"" : ""0"" },  ""eMinute"" : { ""S"" : ""57"" },  ""eMonth"" : { ""S"" : ""09"" },  ""ePeriod"" : { ""S"" : ""PM"" },  ""eTimezone"" : { ""S"" : ""Mumbai"" },  ""eTopic"" : { ""S"" : ""My Meeting Subject "" },  ""eYear"" : { ""S"" : ""2017"" },  ""gmtTime"" : { ""M"" : {      ""eDay"" : { ""S"" : ""28"" },      ""eHour"" : { ""S"" : ""12"" },      ""eMinute"" : { ""S"" : ""27"" },      ""eMonth"" : { ""N"" : ""9"" },      ""eYear"" : { ""S"" : ""2017"" }    }  },  ""refId"" : { ""S"" : ""1506601639734_gXI5QRQpmy"" }}"
"1505114485551_kq2UIVJz6t","{  ""domainName"" : { ""S"" : ""Unknown"" },  ""eAccessCode"" : { ""S"" : ""354245"" },  ""eDay"" : { ""S"" : ""25"" },  ""eDialinNumber"" : { ""S"" : ""918286779798"" },  ""eHour"" : { ""S"" : ""2"" },  ""eMeetingId"" : { ""S"" : ""345 464 433"" },  ""eMinute"" : { ""S"" : ""00"" },  ""eMonth"" : { ""N"" : ""1"" },  ""ePeriod"" : { ""S"" : ""AM"" },  ""eTimezone"" : { ""S"" : ""Mumbai"" },  ""eYear"" : { ""S"" : ""2017"" },  ""gmtTime"" : { ""M"" : {      ""eDay"" : { ""S"" : ""24"" },      ""eHour"" : { ""S"" : ""20"" },      ""eMinute"" : { ""S"" : ""30"" },      ""eMonth"" : { ""N"" : ""1"" },      ""eYear"" : { ""S"" : ""2017"" }    }  },  ""refId"" : { ""S"" : ""1505114485551_kq2UIVJz6t"" }}"
"1505114845102_Zdt98869fQ","{  ""domainName"" : { ""S"" : ""Unknown"" },  ""eAccessCode"" : { ""S"" : ""354245"" },  ""eDay"" : { ""S"" : ""11"" },  ""eDialinNumber"" : { ""S"" : ""918286779798"" },  ""eHour"" : { ""S"" : ""07"" },  ""eMeetingId"" : { ""S"" : ""345 464 433"" },  ""eMinute"" : { ""S"" : ""32"" },  ""eMonth"" : { ""N"" : ""9"" },  ""ePeriod"" : { ""S"" : ""AM"" },  ""eTimezone"" : { ""S"" : ""Iceland"" },  ""eYear"" : { ""S"" : ""2017"" },  ""gmtTime"" : { ""M"" : {      ""eDay"" : { ""S"" : ""10"" },      ""eHour"" : { ""S"" : ""07"" },      ""eMinute"" : { ""S"" : ""32"" },      ""eMonth"" : { ""N"" : ""9"" },      ""eYear"" : { ""S"" : ""2017"" }    }  },  ""refId"" : { ""S"" : ""1505114845102_Zdt98869fQ"" }}"
"1505112974268_wc1jLwZ5RE","{  ""domainName"" : { ""S"" : ""Unknown"" },  ""eAccessCode"" : { ""S"" : ""354245"" },  ""eDay"" : { ""S"" : ""11"" },  ""eDialinNumber"" : { ""S"" : ""918286779798"" },  ""eHour"" : { ""S"" : ""12"" },  ""eMeetingId"" : { ""S"" : ""345 464 433"" },  ""eMinute"" : { ""S"" : ""30"" },  ""eMonth"" : { ""N"" : ""9"" },  ""ePeriod"" : { ""S"" : ""PM"" },  ""eTimezone"" : { ""S"" : ""Mumbai"" },  ""eYear"" : { ""S"" : ""2017"" },  ""gmtTime"" : { ""M"" : {      ""eDay"" : { ""S"" : ""11"" },      ""eHour"" : { ""S"" : ""07"" },      ""eMinute"" : { ""S"" : ""00"" },      ""eMonth"" : { ""N"" : ""9"" },      ""eYear"" : { ""S"" : ""2017"" }    }  },  ""refId"" : { ""S"" : ""1505112974268_wc1jLwZ5RE"" }}"
"1506609132535_lQtJiASI8x","{  ""domainName"" : { ""S"" : ""Unknown"" },  ""eAccessCode"" : { ""N"" : ""0"" },  ""eCallRecordComplete"" : { ""N"" : ""0"" },  ""eCallStatus"" : { ""N"" : ""0"" },  ""eComplete"" : { ""N"" : ""0"" },  ""eDay"" : { ""S"" : ""28"" },  ""eDialinNumber"" : { ""S"" : ""919769157469"" },  ""eHour"" : { ""S"" : ""7"" },  ""eMeetingId"" : { ""N"" : ""0"" },  ""eMinute"" : { ""S"" : ""01"" },  ""eMonth"" : { ""S"" : ""09"" },  ""ePeriod"" : { ""S"" : ""pm"" },  ""eTimezone"" : { ""S"" : ""mumbai"" },  ""eTopic"" : { ""S"" : ""let"" },  ""eYear"" : { ""S"" : ""2017"" },  ""gmtTime"" : { ""M"" : {      ""eDay"" : { ""S"" : ""28"" },      ""eHour"" : { ""S"" : ""13"" },      ""eMinute"" : { ""S"" : ""31"" },      ""eMonth"" : { ""N"" : ""9"" },      ""eYear"" : { ""S"" : ""2017"" }    }  },  ""refId"" : { ""S"" : ""1506609132535_lQtJiASI8x"" }}"
"1506608022350_SU32zyoq2I","{  ""domainName"" : { ""S"" : ""Unknown"" },  ""eAccessCode"" : { ""N"" : ""0"" },  ""eCallRecordComplete"" : { ""N"" : ""0"" },  ""eCallStatus"" : { ""N"" : ""0"" },  ""eComplete"" : { ""N"" : ""0"" },  ""eDay"" : { ""S"" : ""28"" },  ""eDialinNumber"" : { ""S"" : ""919769157469"" },  ""eHour"" : { ""S"" : ""7"" },  ""eMeetingId"" : { ""N"" : ""0"" },  ""eMinute"" : { ""S"" : ""17"" },  ""eMonth"" : { ""S"" : ""09"" },  ""ePeriod"" : { ""S"" : ""pm"" },  ""eTimezone"" : { ""S"" : ""mumbai"" },  ""eTopic"" : { ""S"" : ""going to watch next "" },  ""eYear"" : { ""S"" : ""2017"" },  ""gmtTime"" : { ""M"" : {      ""eDay"" : { ""S"" : ""28"" },      ""eHour"" : { ""S"" : ""13"" },      ""eMinute"" : { ""S"" : ""47"" },      ""eMonth"" : { ""N"" : ""9"" },      ""eYear"" : { ""S"" : ""2017"" }    }  },  ""refId"" : { ""S"" : ""1506608022350_SU32zyoq2I"" }}"
"1506669154342_MlYKWHvtuk","{  ""domainName"" : { ""S"" : ""Unknown"" },  ""eAccessCode"" : { ""N"" : ""0"" },  ""eCallRecordComplete"" : { ""N"" : ""0"" },  ""eCallStatus"" : { ""N"" : ""0"" },  ""eComplete"" : { ""N"" : ""0"" },  ""eDay"" : { ""S"" : ""29"" },  ""eDialinNumber"" : { ""S"" : ""919769157469"" },  ""eHour"" : { ""S"" : ""12"" },  ""eMeetingId"" : { ""N"" : ""0"" },  ""eMinute"" : { ""S"" : ""44"" },  ""eMonth"" : { ""S"" : ""09"" },  ""ePeriod"" : { ""S"" : ""pm"" },  ""eTimezone"" : { ""S"" : ""mumbai"" },  ""eTopic"" : { ""S"" : ""This should work"" },  ""eYear"" : { ""S"" : ""2017"" },  ""gmtTime"" : { ""M"" : {      ""eDay"" : { ""S"" : ""29"" },      ""eHour"" : { ""S"" : ""07"" },      ""eMinute"" : { ""S"" : ""14"" },      ""eMonth"" : { ""N"" : ""9"" },      ""eYear"" : { ""S"" : ""2017"" }    }  },  ""refId"" : { ""S"" : ""1506669154342_MlYKWHvtuk"" }}"
"1505291205181_8FOX5qkS33","{  ""domainName"" : { ""S"" : ""Unknown"" },  ""eAccessCode"" : { ""S"" : ""4534543 "" },  ""eDay"" : { ""S"" : ""13"" },  ""eDialinNumber"" : { ""S"" : ""918286779798"" },  ""eHour"" : { ""S"" : ""2"" },  ""eMeetingId"" : { ""N"" : ""0"" },  ""eMinute"" : { ""S"" : ""00"" },  ""eMonth"" : { ""N"" : ""9"" },  ""ePeriod"" : { ""S"" : ""PM"" },  ""eTimezone"" : { ""S"" : ""Iceland"" },  ""eYear"" : { ""S"" : ""2017"" },  ""gmtTime"" : { ""M"" : {      ""eDay"" : { ""S"" : ""13"" },      ""eHour"" : { ""S"" : ""14"" },      ""eMinute"" : { ""S"" : ""00"" },      ""eMonth"" : { ""N"" : ""9"" },      ""eYear"" : { ""S"" : ""2017"" }    }  },  ""refId"" : { ""S"" : ""1505291205181_8FOX5qkS33"" }}"
"1505114084947_1oFnKU4os8","{  ""domainName"" : { ""S"" : ""Unknown"" },  ""eAccessCode"" : { ""S"" : ""354245"" },  ""eDay"" : { ""S"" : ""11"" },  ""eDialinNumber"" : { ""S"" : ""918286779798"" },  ""eHour"" : { ""S"" : ""12"" },  ""eMeetingId"" : { ""S"" : ""345 464 433"" },  ""eMinute"" : { ""S"" : ""30"" },  ""eMonth"" : { ""N"" : ""9"" },  ""ePeriod"" : { ""S"" : ""PM"" },  ""eTimezone"" : { ""S"" : ""Mumbai"" },  ""eYear"" : { ""S"" : ""2017"" },  ""gmtTime"" : { ""M"" : {      ""eDay"" : { ""S"" : ""11"" },      ""eHour"" : { ""S"" : ""07"" },      ""eMinute"" : { ""S"" : ""00"" },      ""eMonth"" : { ""N"" : ""9"" },      ""eYear"" : { ""S"" : ""2017"" }    }  },  ""refId"" : { ""S"" : ""1505114084947_1oFnKU4os8"" }}"
"1506668129590_kOdhfcK7uq","{  ""domainName"" : { ""S"" : ""Unknown"" },  ""eAccessCode"" : { ""S"" : ""593 766 13 "" },  ""eCallRecordComplete"" : { ""N"" : ""0"" },  ""eCallStatus"" : { ""N"" : ""0"" },  ""eComplete"" : { ""N"" : ""0"" },  ""eDay"" : { ""S"" : ""29"" },  ""eDialinNumber"" : { ""S"" : ""918454858349"" },  ""eHour"" : { ""S"" : ""12"" },  ""eMeetingId"" : { ""S"" : ""7"" },  ""eMinute"" : { ""S"" : ""25"" },  ""eMonth"" : { ""N"" : ""9"" },  ""ePeriod"" : { ""S"" : ""pm"" },  ""eTimezone"" : { ""S"" : ""India"" },  ""eTopic"" : { ""S"" : ""Test meeting Date"" },  ""eYear"" : { ""S"" : ""2017"" },  ""gmtTime"" : { ""M"" : {      ""eDay"" : { ""S"" : ""29"" },      ""eHour"" : { ""S"" : ""06"" },      ""eMinute"" : { ""S"" : ""55"" },      ""eMonth"" : { ""N"" : ""9"" },      ""eYear"" : { ""S"" : ""2017"" }    }  },  ""refId"" : { ""S"" : ""1506668129590_kOdhfcK7uq"" }}"
"1506768985114_xcwskd1Xe3","{  ""domainName"" : { ""S"" : ""Unknown"" },  ""eAccessCode"" : { ""N"" : ""0"" },  ""eCallRecordComplete"" : { ""N"" : ""0"" },  ""eCallStatus"" : { ""N"" : ""0"" },  ""eComplete"" : { ""N"" : ""0"" },  ""eDay"" : { ""S"" : ""30"" },  ""eDialinNumber"" : { ""S"" : ""979769157469"" },  ""eHour"" : { ""S"" : ""4"" },  ""eMeetingId"" : { ""N"" : ""0"" },  ""eMinute"" : { ""S"" : ""32"" },  ""eMonth"" : { ""S"" : ""09"" },  ""ePeriod"" : { ""S"" : ""pm"" },  ""eTimezone"" : { ""S"" : ""mumbai"" },  ""eTopic"" : { ""S"" : ""This should work"" },  ""eYear"" : { ""S"" : ""2017"" },  ""gmtTime"" : { ""M"" : {      ""eDay"" : { ""S"" : ""30"" },      ""eHour"" : { ""S"" : ""11"" },      ""eMinute"" : { ""S"" : ""02"" },      ""eMonth"" : { ""N"" : ""9"" },      ""eYear"" : { ""S"" : ""2017"" }    }  },  ""refId"" : { ""S"" : ""1506768985114_xcwskd1Xe3"" }}"
"1506616742641_8FZ4HFfFlA","{  ""domainName"" : { ""S"" : ""Unknown"" },  ""eAccessCode"" : { ""N"" : ""0"" },  ""eCallRecordComplete"" : { ""N"" : ""0"" },  ""eCallStatus"" : { ""N"" : ""0"" },  ""eComplete"" : { ""N"" : ""0"" },  ""eDay"" : { ""S"" : ""28"" },  ""eDialinNumber"" : { ""S"" : ""918454858349"" },  ""eHour"" : { ""S"" : ""10"" },  ""eMeetingId"" : { ""N"" : ""0"" },  ""eMinute"" : { ""S"" : ""09"" },  ""eMonth"" : { ""S"" : ""09"" },  ""ePeriod"" : { ""S"" : ""PM"" },  ""eTimezone"" : { ""S"" : ""Mumbai"" },  ""eTopic"" : { ""S"" : ""going to watch next "" },  ""eYear"" : { ""S"" : ""2017"" },  ""gmtTime"" : { ""M"" : {      ""eDay"" : { ""S"" : ""28"" },      ""eHour"" : { ""S"" : ""16"" },      ""eMinute"" : { ""S"" : ""39"" },      ""eMonth"" : { ""N"" : ""9"" },      ""eYear"" : { ""S"" : ""2017"" }    }  },  ""refId"" : { ""S"" : ""1506616742641_8FZ4HFfFlA"" }}"
"1507190940989_F5vK229bbp","{  ""domainName"" : { ""S"" : ""Unknown"" },  ""eAccessCode"" : { ""N"" : ""0"" },  ""eCallRecordComplete"" : { ""N"" : ""0"" },  ""eCallStatus"" : { ""N"" : ""0"" },  ""eComplete"" : { ""N"" : ""0"" },  ""eDay"" : { ""S"" : ""05"" },  ""eDialinNumber"" : { ""S"" : ""919769157469"" },  ""eHour"" : { ""S"" : ""1"" },  ""eMeetingId"" : { ""N"" : ""0"" },  ""eMinute"" : { ""S"" : ""40"" },  ""eMonth"" : { ""S"" : ""10"" },  ""ePeriod"" : { ""S"" : ""pm"" },  ""eTimezone"" : { ""S"" : ""mumbai"" },  ""eTopic"" : { ""S"" : ""This should work"" },  ""eYear"" : { ""S"" : ""2017"" },  ""gmtTime"" : { ""M"" : {      ""eDay"" : { ""S"" : ""05"" },      ""eHour"" : { ""S"" : ""08"" },      ""eMinute"" : { ""S"" : ""10"" },      ""eMonth"" : { ""N"" : ""10"" },      ""eYear"" : { ""S"" : ""2017"" }    }  },  ""initiator"" : { ""S"" : ""naikswapnil08@gmail.com"" },  ""options"" : { ""M"" : {    }  },  ""refId"" : { ""S"" : ""1507190940989_F5vK229bbp"" }}"
"1505110833385_xuxeI3Ulce","{  ""domainName"" : { ""S"" : ""Unknown"" },  ""eAccessCode"" : { ""S"" : ""354245"" },  ""eDay"" : { ""S"" : ""25"" },  ""eDialinNumber"" : { ""S"" : ""918286779798"" },  ""eHour"" : { ""S"" : ""8"" },  ""eMeetingId"" : { ""S"" : ""345 464 433"" },  ""eMinute"" : { ""N"" : ""0"" },  ""eMonth"" : { ""N"" : ""1"" },  ""ePeriod"" : { ""S"" : ""AM"" },  ""eTimezone"" : { ""S"" : ""Iceland"" },  ""eYear"" : { ""S"" : ""2017"" },  ""gmtTime"" : { ""M"" : {      ""eDay"" : { ""S"" : ""25"" },      ""eHour"" : { ""S"" : ""08"" },      ""eMinute"" : { ""S"" : ""00"" },      ""eMonth"" : { ""N"" : ""1"" },      ""eYear"" : { ""S"" : ""2017"" }    }  },  ""refId"" : { ""S"" : ""1505110833385_xuxeI3Ulce"" }}"
"1506620758851_BRutFCquac","{  ""domainName"" : { ""S"" : ""Unknown"" },  ""eAccessCode"" : { ""N"" : ""0"" },  ""eCallRecordComplete"" : { ""N"" : ""0"" },  ""eCallStatus"" : { ""N"" : ""0"" },  ""eComplete"" : { ""N"" : ""0"" },  ""eDay"" : { ""S"" : ""28"" },  ""eDialinNumber"" : { ""S"" : ""919769157469"" },  ""eHour"" : { ""S"" : ""11"" },  ""eMeetingId"" : { ""N"" : ""0"" },  ""eMinute"" : { ""S"" : ""18"" },  ""eMonth"" : { ""S"" : ""09"" },  ""ePeriod"" : { ""S"" : ""pm"" },  ""eTimezone"" : { ""S"" : ""mumbai"" },  ""eTopic"" : { ""S"" : ""This should work you have been invited to a meeting"" },  ""eYear"" : { ""S"" : ""2017"" },  ""gmtTime"" : { ""M"" : {      ""eDay"" : { ""S"" : ""28"" },      ""eHour"" : { ""S"" : ""17"" },      ""eMinute"" : { ""S"" : ""48"" },      ""eMonth"" : { ""N"" : ""9"" },      ""eYear"" : { ""S"" : ""2017"" }    }  },  ""refId"" : { ""S"" : ""1506620758851_BRutFCquac"" }}"
"1505479871180_Z9MFclOxY4","{  ""domainName"" : { ""S"" : ""Unknown"" },  ""eAccessCode"" : { ""S"" : ""4534543 "" },  ""eDay"" : { ""S"" : ""15"" },  ""eDialinNumber"" : { ""S"" : ""918286779798"" },  ""eHour"" : { ""S"" : ""6"" },  ""eMeetingId"" : { ""N"" : ""0"" },  ""eMinute"" : { ""S"" : ""22"" },  ""eMonth"" : { ""N"" : ""9"" },  ""ePeriod"" : { ""S"" : ""PM"" },  ""eTimezone"" : { ""S"" : ""Mumbai"" },  ""eYear"" : { ""S"" : ""2017"" },  ""gmtTime"" : { ""M"" : {      ""eDay"" : { ""S"" : ""15"" },      ""eHour"" : { ""S"" : ""12"" },      ""eMinute"" : { ""S"" : ""52"" },      ""eMonth"" : { ""N"" : ""9"" },      ""eYear"" : { ""S"" : ""2017"" }    }  },  ""refId"" : { ""S"" : ""1505479871180_Z9MFclOxY4"" }}"
"1507113190958_vOqwuORGqw","{  ""domainName"" : { ""S"" : ""Unknown"" },  ""eAccessCode"" : { ""N"" : ""0"" },  ""eCallRecordComplete"" : { ""N"" : ""0"" },  ""eCallStatus"" : { ""N"" : ""0"" },  ""eComplete"" : { ""N"" : ""0"" },  ""eDay"" : { ""S"" : ""04"" },  ""eDialinNumber"" : { ""S"" : ""919769157469"" },  ""eHour"" : { ""S"" : ""4"" },  ""eMeetingId"" : { ""N"" : ""0"" },  ""eMinute"" : { ""S"" : ""05"" },  ""eMonth"" : { ""S"" : ""10"" },  ""ePeriod"" : { ""S"" : ""pm"" },  ""eTimezone"" : { ""S"" : ""mumbai"" },  ""eTopic"" : { ""S"" : ""This should work"" },  ""eYear"" : { ""S"" : ""2017"" },  ""gmtTime"" : { ""M"" : {      ""eDay"" : { ""S"" : ""04"" },      ""eHour"" : { ""S"" : ""10"" },      ""eMinute"" : { ""S"" : ""35"" },      ""eMonth"" : { ""N"" : ""10"" },      ""eYear"" : { ""S"" : ""2017"" }    }  },  ""refId"" : { ""S"" : ""1507113190958_vOqwuORGqw"" }}"
"1506669001052_5BwazWuZw2","{  ""domainName"" : { ""S"" : ""Unknown"" },  ""eAccessCode"" : { ""S"" : ""593 766 13 "" },  ""eCallRecordComplete"" : { ""N"" : ""0"" },  ""eCallStatus"" : { ""N"" : ""0"" },  ""eComplete"" : { ""N"" : ""0"" },  ""eDay"" : { ""S"" : ""29"" },  ""eDialinNumber"" : { ""S"" : ""918454858349"" },  ""eHour"" : { ""S"" : ""12"" },  ""eMeetingId"" : { ""S"" : ""0000"" },  ""eMinute"" : { ""S"" : ""41"" },  ""eMonth"" : { ""N"" : ""9"" },  ""ePeriod"" : { ""S"" : ""pm"" },  ""eTimezone"" : { ""S"" : ""India"" },  ""eTopic"" : { ""S"" : ""Hello Ecksdee.<br>"" },  ""eYear"" : { ""S"" : ""2017"" },  ""gmtTime"" : { ""M"" : {      ""eDay"" : { ""S"" : ""29"" },      ""eHour"" : { ""S"" : ""07"" },      ""eMinute"" : { ""S"" : ""11"" },      ""eMonth"" : { ""N"" : ""9"" },      ""eYear"" : { ""S"" : ""2017"" }    }  },  ""refId"" : { ""S"" : ""1506669001052_5BwazWuZw2"" }}"
"1505115046026_QXqoKqdWQj","{  ""domainName"" : { ""S"" : ""Unknown"" },  ""eAccessCode"" : { ""S"" : ""354245"" },  ""eDay"" : { ""S"" : ""25"" },  ""eDialinNumber"" : { ""S"" : ""918286779798"" },  ""eHour"" : { ""N"" : ""5"" },  ""eMeetingId"" : { ""S"" : ""345 464 433"" },  ""eMinute"" : { ""S"" : ""00"" },  ""eMonth"" : { ""N"" : ""9"" },  ""ePeriod"" : { ""S"" : ""PM"" },  ""eTimezone"" : { ""S"" : ""Mumbai"" },  ""eYear"" : { ""S"" : ""2017"" },  ""gmtTime"" : { ""M"" : {      ""eDay"" : { ""S"" : ""25"" },      ""eHour"" : { ""S"" : ""11"" },      ""eMinute"" : { ""S"" : ""30"" },      ""eMonth"" : { ""N"" : ""9"" },      ""eYear"" : { ""S"" : ""2017"" }    }  },  ""refId"" : { ""S"" : ""1505115046026_QXqoKqdWQj"" }}"
"1505909173589_RZcRX9bq0v","{  ""domainName"" : { ""S"" : ""zoom.us"" },  ""eDay"" : { ""S"" : ""9"" },  ""eDialinNumber"" : { ""S"" : ""918286779798"" },  ""eHour"" : { ""S"" : ""11"" },  ""eMeetingId"" : { ""S"" : ""996 337 744"" },  ""eMinute"" : { ""S"" : ""59"" },  ""eMonth"" : { ""N"" : ""9"" },  ""ePeriod"" : { ""S"" : ""AM"" },  ""eTimezone"" : { ""S"" : ""India"" },  ""eYear"" : { ""S"" : ""2017"" },  ""gmtTime"" : { ""M"" : {      ""eDay"" : { ""S"" : ""09"" },      ""eHour"" : { ""S"" : ""06"" },      ""eMinute"" : { ""S"" : ""29"" },      ""eMonth"" : { ""N"" : ""9"" },      ""eYear"" : { ""S"" : ""2017"" }    }  },  ""refId"" : { ""S"" : ""1505909173589_RZcRX9bq0v"" }}"
