"uid (S)","accessCode (S)","date (S)","dialinNumber (S)","domain (S)","gmtTime (M)","time (S)","timezone (S)"
"1504204410828_T2NPrpP6VC","958945","01/09/2017","+918286779798","freeconferencecall.com","{  ""eDay"" : { ""S"" : ""31"" },  ""eHour"" : { ""S"" : ""18"" },  ""eMinute"" : { ""S"" : ""45"" },  ""eMonth"" : { ""N"" : ""8"" },  ""eYear"" : { ""S"" : ""2017"" }}","12:15 AM","Chennai, Kolkata, Mumbai, New Delhi"
"1504205256122_x8ZpUV6R2U","958945","01/09/2017","+918286779798","freeconferencecall.com","{  ""eDay"" : { ""S"" : ""31"" },  ""eHour"" : { ""S"" : ""18"" },  ""eMinute"" : { ""S"" : ""45"" },  ""eMonth"" : { ""N"" : ""8"" },  ""eYear"" : { ""S"" : ""2017"" }}","12:15 AM","Chennai, Kolkata, Mumbai, New Delhi"
"1504204453059_jWB5huDfai","497069","31/08/2017","+918286779798","freeconferencecall.com","{  ""eDay"" : { ""S"" : ""31"" },  ""eHour"" : { ""S"" : ""18"" },  ""eMinute"" : { ""S"" : ""00"" },  ""eMonth"" : { ""N"" : ""8"" },  ""eYear"" : { ""S"" : ""2017"" }}","11:30 PM","Chennai, Kolkata, Mumbai, New Delhi"
"1504205007485_3wcF30rUj6","497069","31/08/2017","+918286779798","freeconferencecall.com","{  ""eDay"" : { ""S"" : ""31"" },  ""eHour"" : { ""S"" : ""18"" },  ""eMinute"" : { ""S"" : ""00"" },  ""eMonth"" : { ""N"" : ""8"" },  ""eYear"" : { ""S"" : ""2017"" }}","11:30 PM","Chennai, Kolkata, Mumbai, New Delhi"
"1504205019060_Ds95uivOEV","958945","01/09/2017","+918286779798","freeconferencecall.com","{  ""eDay"" : { ""S"" : ""31"" },  ""eHour"" : { ""S"" : ""18"" },  ""eMinute"" : { ""S"" : ""45"" },  ""eMonth"" : { ""N"" : ""8"" },  ""eYear"" : { ""S"" : ""2017"" }}","12:15 AM","Chennai, Kolkata, Mumbai, New Delhi"
"1504205021246_wt4bfnpOJe","958945","01/09/2017","+918286779798","freeconferencecall.com","{  ""eDay"" : { ""S"" : ""31"" },  ""eHour"" : { ""S"" : ""18"" },  ""eMinute"" : { ""S"" : ""45"" },  ""eMonth"" : { ""N"" : ""8"" },  ""eYear"" : { ""S"" : ""2017"" }}","12:15 AM","Chennai, Kolkata, Mumbai, New Delhi"
"1504204162245_Bbw8igiUUO","497069","31/08/2017","+918286779798","freeconferencecall.com","{  ""eDay"" : { ""S"" : ""31"" },  ""eHour"" : { ""S"" : ""18"" },  ""eMinute"" : { ""S"" : ""00"" },  ""eMonth"" : { ""N"" : ""8"" },  ""eYear"" : { ""S"" : ""2017"" }}","11:30 PM","Chennai, Kolkata, Mumbai, New Delhi"
"1504203658403_QMXBcBGWxt","958945","09/01/2017","+918286779798","freeconferencecall.com","{  ""eDay"" : { ""S"" : ""08"" },  ""eHour"" : { ""S"" : ""19"" },  ""eMinute"" : { ""S"" : ""30"" },  ""eMonth"" : { ""N"" : ""1"" },  ""eYear"" : { ""S"" : ""2017"" }}","01:00 AM","Chennai, Kolkata, Mumbai, New Delhi"
"1504246873938_DiGNmA1gY7","958945","01/09/2017","+918286779798","freeconferencecall.com","{  ""eDay"" : { ""S"" : ""01"" },  ""eHour"" : { ""S"" : ""06"" },  ""eMinute"" : { ""S"" : ""30"" },  ""eMonth"" : { ""N"" : ""9"" },  ""eYear"" : { ""S"" : ""2017"" }}","12:00 PM","Chennai, Kolkata, Mumbai, New Delhi"
